ClientID,ClientName,TransactionDate,Product,Amount,PaymentMethod
deb1adc4-e68d-442e-94ab-1555dad248fd,Misty Rodriguez,2024-05-20,kind,117.75,Credit Card
e6b4daa9-2c61-4211-982d-07694af6ffaa,Kelsey Walton,2024-05-25,person,23.19,Bank Transfer
2dda8e9c-73fa-4baf-b1a8-20b3b86e9b3b,Matthew Horn,2024-08-06,example,465.42,Bank Transfer
34049913-0663-4a55-ace6-1692de1216e1,Glenn Sherman,2024-06-14,agency,35.68,Credit Card
04d12ced-b666-446c-9cdf-2128fabd2fe3,Ryan Gonzalez,2024-10-20,group,26.12,PayPal
6df330ee-97f4-495b-b136-ca51a79e5ffd,Mark Taylor,2024-01-27,if,82.2,Bank Transfer
a217199f-2def-439e-8e41-2fb811bfe287,Shelley Morales,2024-04-11,remain,77.46,PayPal
3462af3f-b478-45d0-8f98-ed64004c1c98,Shelly Cervantes,2024-04-13,whatever,448.68,Credit Card
d4b46dbc-431b-4c55-8750-299549e0cd1f,Christian Skinner,2024-04-22,officer,113.15,PayPal
abc3f683-9238-4b6f-9e6b-6ed81a22a840,Eric Williamson,2024-04-08,boy,20.24,Bank Transfer
b2a2fbff-6c90-4f03-ac8a-85a2188b95ee,Laurie Benjamin,2024-08-29,continue,55.65,Credit Card
5019e2aa-20b4-4c0c-9181-60cda05da846,Justin May Jr.,2024-04-23,mouth,107.27,PayPal
b720f57f-4f9e-420a-8e72-08cbbecfbd82,Melanie Walker,2024-10-07,action,243.55,PayPal
533f4a1d-d6aa-4a32-8419-4b1bc34b6438,Julie Crawford,2024-04-06,these,184.21,PayPal
9c2e0295-f4dc-4549-ba98-3b137016d144,James Estrada,2024-10-29,result,107.05,PayPal
5d898321-4058-4117-9b8a-cb9a91e08fd4,Brandon Jackson,2024-07-20,hour,153.17,Credit Card
1488b973-6863-4908-a18f-5f3c06d74dd2,Scott Martinez,2024-03-11,paper,414.37,Bank Transfer
46487a3f-04fa-42ee-bf61-f0530481db6f,Daniel Martinez,2024-03-15,involve,24.41,PayPal
1c286bf0-9c35-4403-8e32-a1881fc7f9b7,Anthony Harper,2024-07-18,first,255.74,PayPal
b2831eb7-b369-4147-887d-35857a04317c,Anthony Lee,2024-01-29,cost,378.12,Credit Card
eb456985-d8fd-4bb5-b155-5265793b7245,Anthony Brown,2024-03-28,artist,401.02,Bank Transfer
0d695a4c-ec58-46d3-ae9a-3e94ec006089,Daniel Keller,2024-02-26,than,265.17,Credit Card
60f8877b-00f3-49d0-8d41-b065a80db569,Amy Martin,2024-08-10,real,122.77,PayPal
e1b7a74e-d6fe-4a0a-9414-cbc2dfe8da97,Robert Martin,2024-04-08,north,129.25,Bank Transfer
1f1519d8-a4d1-4886-abec-02b035f1cd68,Bradley Richards,2024-07-13,require,222.46,PayPal
c4b165f0-59fa-4993-b320-cea30f020834,Frank Martin,2024-10-08,write,173.52,Credit Card
77df2ebe-2171-4f4c-b809-b60f7ee3f59e,Jared Jones,2024-03-28,over,380.23,Bank Transfer
aa8afd8c-da49-4ba4-be0b-8c68a3b22794,Kenneth Sloan,2024-04-06,difference,405.15,Credit Card
dfc13c3e-4d66-41fd-9651-1bce424fd7b5,Tara Barr,2024-02-26,evidence,443.79,Credit Card
bb1ec3ea-357c-49c7-ac5e-549faa3684fb,Jeffery Atkins,2024-06-14,actually,146.16,PayPal
950b2c7b-16d8-4e30-87b3-77c0022b931a,Kathleen Munoz,2024-07-05,memory,94.31,Bank Transfer
6a5b5042-5455-441e-bfb8-2449fae6de64,Michelle Garcia MD,2024-10-20,chance,272.13,Bank Transfer
1dfe8207-32a9-4212-8e06-80a961c8e834,William Lucas,2024-05-06,them,232.23,PayPal
51cd3b3e-3bf8-4fb2-b093-b755606b7017,Valerie Whitaker,2024-09-10,wear,348.12,PayPal
aeb6dd4f-ecec-4c4a-bf09-1e7409b139fe,Michael Duffy,2024-04-21,very,473.47,Credit Card
af3b6f2e-bed0-4b08-b668-2951552bacdb,Michael Petersen,2024-07-29,girl,14.17,Bank Transfer
8a7a8292-bcf2-4e46-93b1-2cb5d451cb24,Miss Sharon Johnson MD,2024-11-04,rule,22.31,Credit Card
f892bab0-8235-4479-807c-4a80998d3080,Michael Davis,2024-04-29,edge,329.57,Credit Card
dd096aa0-5c50-451a-a48a-65a03da0fcd8,Zachary Middleton,2024-07-29,source,484.9,Credit Card
cfcdcf2d-379b-47ff-817a-dd3f3a79fca3,Beth Parker,2024-07-22,on,438.58,PayPal
3be57662-ff23-42c7-95c3-e9c65140ef4a,Jonathan Velasquez,2024-03-05,religious,493.97,Bank Transfer
e717ae7b-08c6-4a89-8901-9cee575eb6b2,Angela Mason,2024-07-18,already,40.16,PayPal
152bdfe0-fc71-4b39-b7c8-cbd5e70b71de,Michelle Torres,2024-06-27,unit,120.98,PayPal
398c9399-fa70-418a-9105-e0ceaf99d755,Patricia Moore,2024-06-21,teacher,206.02,PayPal
19eeeef5-5ecb-4ecd-a04e-032134b1e5c6,Kayla Myers MD,2024-07-11,field,106.05,Bank Transfer
bdbc7062-8748-478b-847a-19b1bd1f7912,Christopher Gross,2024-09-24,husband,341.79,PayPal
dccfe2e0-70c4-48af-8793-c82c74aefd42,Megan Travis,2024-04-08,big,445.39,Credit Card
aa6ef81f-a045-4ffb-8e1c-720843a42142,Dawn Ferguson,2024-03-05,include,453.44,Credit Card
a83da2ce-734f-4a3e-a105-82a4e15e7f5e,Darrell Mcmillan,2024-06-19,book,429.09,Bank Transfer
62cba7bf-bde0-4e28-9263-58d5f8c809ad,Randy Lynch,2024-07-12,who,30.77,Bank Transfer
caab536e-d06a-41f0-ad02-fe241364d06f,Bobby Ward,2024-02-07,figure,290.05,PayPal
0ef037f2-0948-4499-83b3-9f9558e6f40d,Diana Herrera,2024-10-04,two,355.11,PayPal
c8a352c8-85c6-4f57-b046-7ed4dc38b112,John Martinez,2024-06-15,political,42.69,Credit Card
f7b541ec-a8a6-4e61-8e93-a5e92299e8ab,Ashley Merritt,2024-05-12,air,92.29,Credit Card
481fac56-97cf-48f5-bd22-05db5f11af45,Alexander Salas PhD,2024-03-20,concern,127.62,Bank Transfer
b4cb8c60-5b57-4c4f-888c-f77425dcb5d2,Jillian Delgado,2024-06-19,old,491.43,Credit Card
196ceddc-f8c1-495c-8d6f-052d792dc269,Laura Macdonald,2024-07-09,anything,90.4,PayPal
37c15888-f8c0-46c0-b958-fce4651a4eca,Catherine Turner,2024-07-01,resource,275.12,Bank Transfer
14dcd4d3-6c92-4688-98fb-74124f178d23,Jonathan Dunn,2024-10-04,Congress,35.12,Credit Card
95985793-344d-4cb9-a1e1-23e4e850bac5,Deborah Cox MD,2024-05-16,fish,239.58,PayPal
a0c7ecc6-e68c-4823-b674-52fb3a7a89e1,Lauren Guzman,2024-09-07,action,160.62,Bank Transfer
dbbe45cb-43be-4a3e-ac3b-b23adf98deb3,Brandon Green,2024-02-23,create,431.35,PayPal
356636c4-a53c-40b2-b32c-5b6adce87da1,Michelle Shaw,2024-06-11,law,414.06,Credit Card
6503f93f-b9dc-4476-bdb1-a384ac812f8a,Lauren Leonard,2024-05-24,government,202.36,PayPal
fa9c2552-5cbb-4a13-ab85-5f6b75cac869,John Wong,2024-04-28,direction,143.53,Bank Transfer
1ac0f2d4-6924-47bd-9aed-b907f71e3151,Kelly Velasquez,2024-02-19,let,157.82,Credit Card
2586131d-4a57-472f-93cb-6aefe437a3f5,Dawn Jackson,2024-06-16,send,32.64,Credit Card
8083fda1-faa9-44cd-b54c-d006f5ae1673,Thomas Holmes,2024-07-16,process,268.69,PayPal
b8b82c7a-ba64-4dfa-b90d-257c47e95916,Eric Figueroa,2024-07-07,finally,46.0,Credit Card
2b633d57-8c73-4464-afe8-764d87376840,Jennifer Cooper,2024-10-15,throw,34.12,PayPal
bedcec0b-946e-4096-b2b8-5bf27ae66302,Jennifer James,2024-02-15,lawyer,249.69,Credit Card
6ff69ce6-26d2-4801-918c-36ac958d6372,Wendy Lynch,2024-03-13,can,88.32,PayPal
8e577dcb-ea4b-4869-a0a3-e2d7d0cc68fa,Craig Mills,2024-09-14,ball,52.23,Credit Card
327f6f12-e7d4-4f05-9613-4be485925a0b,Daniel West,2024-05-14,voice,448.15,Bank Transfer
727efd67-64f6-4d20-9878-af84fd313ed0,Shawn Wagner,2024-11-08,its,162.9,Bank Transfer
f476ce5c-f03c-4d24-bb42-8ab1b62b68e9,David Bell,2024-02-12,eight,134.82,Credit Card
8b5ad204-7589-4b55-a6fa-925576b0721a,Matthew Clark,2024-09-09,know,266.95,Bank Transfer
ffcff977-b1e0-43d1-a139-36eb305f316c,Ellen Khan,2024-11-01,lead,41.56,Bank Transfer
73e220cb-cd66-4e0c-94ac-ab2bc49e78f6,Alexandra Ray,2024-03-05,fall,402.88,PayPal
9b23d871-6eb4-43b6-ac97-eeab844a9db4,Miss Julie Pena,2024-07-25,affect,406.09,Credit Card
2fca714a-11a8-4d04-b726-6b4318243f9c,Brittany Snow,2024-03-12,more,289.55,Bank Transfer
c3170cee-b089-4203-acac-1f99e6a9807b,Theresa Lopez,2024-11-02,respond,436.33,Credit Card
30af9bd3-98b5-41d0-88b7-b906b48059c8,Anne Casey,2024-06-22,owner,53.96,PayPal
b9d80817-214d-40a9-8c61-6c0c3fd0c5cd,Amy Hardin,2024-01-02,management,50.72,PayPal
46e7122e-94fc-48dd-bbf0-bf988b480801,Diana Hartman,2024-01-14,where,387.89,Bank Transfer
744e5b3e-417b-4224-9a5b-d8459812f722,Dr. Melissa Pena,2024-06-24,film,357.6,Credit Card
08734982-864d-484d-a483-a5db12b78e99,Joshua Barajas,2024-01-19,man,247.9,Credit Card
69e778fd-14ea-483a-a3da-f0ed715f677e,Steven Cox,2024-10-21,article,450.78,Bank Transfer
59fbf7fb-d913-44e7-aae6-9563c55e9191,Amber Perkins,2024-08-14,fact,482.21,Bank Transfer
8b4fefda-68fc-4515-b8c5-89aa20e1ef6f,Crystal Aguilar,2024-01-31,important,15.97,Bank Transfer
83f6681f-b783-41fd-83c5-7995ad94a379,Devon Castillo,2024-06-09,ahead,146.71,Credit Card
04d912c6-b1d3-4560-8204-2d2b06c125be,Brian Moore,2024-11-06,explain,49.73,PayPal
babc28e8-739c-4d11-8db6-2d2df6d80d97,Mary Greer,2024-10-14,pass,162.07,Bank Transfer
15a6fc91-efb1-4ce3-a2d0-fa3fbe34e1b6,Zachary Ryan,2024-04-27,occur,158.83,Credit Card
1fa2e334-ec4e-44b1-a9ed-471580da05ca,Edward Allen,2024-10-29,suggest,75.19,PayPal
40df4a1d-64ba-4e55-92b9-2ebba1bad112,Cheryl Mitchell,2024-07-04,reflect,232.69,PayPal
f2df0d4d-d1b2-4bcd-a9dc-2d9794b6b090,Michael Flores,2024-09-08,camera,266.23,Credit Card
4bd93916-55fc-4024-b2db-149e16b849e5,John Rodriguez,2024-04-25,benefit,78.55,PayPal
87ca3ecf-27cc-4d06-a52b-5560b87785bf,Abigail Rodriguez,2024-08-19,young,58.15,PayPal
72900edf-2ca8-4294-9137-6b6a020515e0,Adam Rogers,2024-08-07,establish,149.14,Bank Transfer
3113fc59-e9f4-4d73-bda9-7cc8d8f7050c,Joshua Phillips,2024-10-25,increase,407.68,Bank Transfer
f664d049-9253-45da-8b8b-be087cb0119c,Susan Dean,2024-10-19,hour,108.29,PayPal
84f7a709-6b93-48ad-8fa5-82249bb7bafd,James Montgomery,2024-08-06,rock,330.94,Bank Transfer
5eee3a77-bb12-4300-879d-25b0984923ba,Lori Munoz,2024-08-23,city,302.63,Credit Card
1af60428-9616-48f5-888a-77a779e360a0,Paul Kelly,2024-09-05,prevent,186.0,PayPal
35999d96-801e-4162-92a7-077e691c3214,Jesse Johnson,2024-11-05,partner,376.06,Bank Transfer
c60020f7-01c3-4da0-a6ac-1beba6ae8a5e,Suzanne Schmidt,2024-07-04,himself,64.01,Credit Card
7e280096-080c-4d32-b467-1b43fe955e94,Jessica Goodwin,2024-01-19,group,468.93,Credit Card
ee14e8ee-509d-43ba-94d5-04e41a000b87,Robert Price,2024-01-10,board,39.53,PayPal
505fdb38-839f-4454-a12d-6ec67413b142,Sydney Smith,2024-02-10,effect,210.77,PayPal
e4d1966f-6c25-4a49-9dbf-f7197fd0dadf,Gregory Gonzalez,2024-04-09,board,260.91,PayPal
5633bf87-d152-4296-91e8-cde23e978f44,Christopher Murphy,2024-06-15,process,385.28,Bank Transfer
7fa5e10a-4a9f-4a7b-bb52-ed94a632ba57,Robert Benton,2024-09-11,road,113.48,Bank Transfer
9b1a937e-1ec8-424b-ab03-8deee5450f82,Victoria Jones,2024-01-22,treat,286.85,PayPal
65b98487-516e-4846-9aa1-50d45413b0ca,Melissa Carson,2024-09-06,enough,90.91,PayPal
3c8e3803-5255-410c-8cf9-ba11a4b1d022,Bryan Davis,2024-02-29,end,467.77,Bank Transfer
a5a7be59-5a91-4c55-a8e7-d61d5b9ec06c,Brian Rivers,2024-08-06,through,315.97,PayPal
26d7700e-f76f-4692-87fa-c4a500e83679,Molly Reed,2024-08-07,perform,92.07,Bank Transfer
a90ee013-2539-4129-bfb2-b34d9b464c6e,Lisa Owens,2024-04-02,bit,343.92,Bank Transfer
b01120e3-b7aa-4aa8-ba54-035a618b6a30,Meagan Wright,2024-01-11,least,191.47,Bank Transfer
686923b5-5dde-47ce-a6ef-45bcba244476,Travis Trevino,2024-01-16,trial,467.32,Bank Transfer
4ccb34c1-dd97-4c00-9a9e-5d63e50c0acd,Eric Moore,2024-04-15,teacher,357.87,Bank Transfer
4fed0f14-d0eb-4b25-b9d4-ad316da221e3,Timothy Ellis,2024-01-12,east,139.83,Bank Transfer
b493753f-50a9-4385-ad2d-f168d396255a,Randy Rogers,2024-06-07,method,152.21,Credit Card
270108ae-93ff-44cc-890d-325e8076b502,Mia Chavez,2024-07-26,future,463.33,PayPal
a0bbbc1e-5e32-45fb-bfb1-737e3cfd9ba1,John Hines,2024-01-19,small,314.03,Bank Transfer
d64cd184-b5b3-4144-89a5-983e9b93409d,Shirley Ramos,2024-10-07,news,449.23,Credit Card
9b4c48d5-73be-4c6d-b4d5-f2941de04ce5,Jennifer Guerrero,2024-01-02,shake,362.0,PayPal
6375e7b9-b307-4f46-9fd0-9f6aec1cd34a,Alejandro Robertson,2024-06-06,billion,495.57,PayPal
bea3d8a7-15cb-4015-9d61-a6ff44d61be2,Sara Johnson,2024-06-18,support,219.91,Credit Card
0948092c-a6ca-40be-bdb1-c5bf073c3c33,Benjamin Sandoval,2024-07-24,chair,149.85,Bank Transfer
3f0a5fb0-6b14-4d1a-9ab9-462cb5749b8f,Nicole Buckley,2024-06-01,apply,447.5,Bank Transfer
02d02dbc-a653-4f63-9165-5562c507acb7,James Ramirez,2024-01-01,Democrat,327.84,Credit Card
d1666527-827d-43d0-803e-a9e97c995f3a,Jonathan Holland,2024-04-22,dream,156.14,PayPal
54d1cffc-d8f5-4777-afb6-125d80f44a88,Dr. Heather Ellis,2024-01-29,deep,230.6,Credit Card
2166bff7-2e19-4020-9720-ece880c28265,Traci Franklin,2024-08-06,his,354.68,Bank Transfer
bfbe8460-9bec-46bf-bbfe-d86a46dbbd4f,Mr. Benjamin Tucker,2024-10-02,church,373.79,PayPal
34f7b496-b823-4603-b361-9cbf68c45c2b,Keith Chapman,2024-03-19,at,140.78,Bank Transfer
3c93bd30-3c0e-465f-9f67-32842c879109,Kurt Lewis,2024-05-01,knowledge,294.62,Credit Card
359ff228-7222-42f8-b210-e3542a1c3b0a,Miss Andrea Payne,2024-02-16,nation,439.51,Credit Card
706a43f1-c43c-45d8-9edd-1bc5951a73d1,Monica Mccall,2024-05-12,interesting,450.7,Credit Card
457e172d-12a4-4af0-b42f-e2c618817c33,John Arnold,2024-02-13,here,81.51,PayPal
e148c7b2-e8f0-4e46-84c7-37b15f5c00b8,Kyle Cook,2024-06-30,include,392.54,PayPal
2a4e72f7-0192-4783-896d-39ede93f88b1,Lorraine Gill,2024-08-06,audience,268.45,Bank Transfer
3dd66625-f6a3-4fba-a6a8-8fcdbd6e41a4,Susan Hines,2024-07-06,exist,436.15,PayPal
08e1b14d-d1ad-48d3-bf71-f44394535fed,Elizabeth Ward,2024-04-26,certainly,379.01,PayPal
52b65198-26f3-48e0-874e-b30dae932ee1,Corey Parker,2024-09-16,change,380.31,Bank Transfer
a57c9d6f-0ee9-46ae-aa5e-159cd02c83b0,Lindsey Arellano,2024-03-09,wait,394.74,Bank Transfer
66072394-7d55-4b49-b80b-6f28b1d757af,Charles Whitehead DVM,2024-05-05,across,112.12,PayPal
e7f7ae9e-9a2c-403a-87ec-6e22cc3e2a2a,Emily Paul,2024-02-20,issue,494.39,PayPal
cd2bd75a-9e35-45c4-b51c-fa5aa1442ecd,Kenneth Taylor,2024-05-22,matter,225.57,Bank Transfer
65754182-47fe-4443-8b99-11f18fe6e3fe,Eric Young,2024-01-26,system,49.67,PayPal
eaaa9262-c287-45a1-9ee3-dbced25e1e00,Becky Ruiz,2024-11-03,shoulder,460.98,Credit Card
722629c6-970a-4d06-abe9-02bb2c266b7f,Jonathan Bennett,2024-04-13,book,161.12,PayPal
02e463c5-57c9-4beb-aab1-fa564f48ca0f,Brittany Campbell,2024-09-09,service,31.29,PayPal
b5cb6701-0c4a-4c94-b19f-200d1d725948,Amy Lee,2024-05-19,color,271.35,Credit Card
741683d2-1b74-441f-b1b5-b05119476cc2,Olivia Gregory,2024-08-20,that,217.79,PayPal
dfead326-1f59-473b-91f6-05e25b723dc7,Tyler Nelson,2024-10-04,worry,399.33,PayPal
606c42ae-4d9e-451c-b1d3-c0e90c096925,Kelly Harrison,2024-03-14,difficult,371.16,Credit Card
fcbeaf53-f7f2-4502-a09a-e3bcc3261a15,Sheila Thomas,2024-04-21,which,469.29,Bank Transfer
13448d47-80b2-4571-9982-370b06f49c63,Trevor Skinner,2024-05-18,happy,426.72,Bank Transfer
504b02fb-faa9-4a5b-b82c-affbada9c11f,Sarah Smith,2024-05-17,issue,234.81,PayPal
ed7f544e-628b-49a6-9f65-b40b3b122dd6,Eileen Maldonado,2024-01-11,inside,39.83,Credit Card
6f75371d-7b19-41b0-853e-ed1d5bdcae2c,Kevin Walker,2024-05-26,purpose,349.95,PayPal
7c65bccd-3f72-4431-b8f0-84d26baf8216,Kara Lambert,2024-04-23,where,263.4,Bank Transfer
6b17c307-efec-4c8d-81de-495a3dbd9648,Rhonda Goodwin,2024-11-04,put,190.69,Credit Card
ab2e0a75-bfe1-47ac-abe9-fcbe5874358e,Robin Mendoza,2024-03-30,author,50.65,PayPal
d7dfa933-b2c7-4c6f-8aff-5ddf7f714e75,Joshua Hill,2024-07-18,write,310.35,PayPal
29bf765e-4027-47d2-abf5-f492827ddc14,Tanner Hubbard,2024-03-28,close,498.75,Bank Transfer
fcc581bb-a511-42d3-aa22-f57a02cc0a92,Lori Sosa,2024-10-20,film,474.91,PayPal
b5a1edaa-04eb-4dc7-a353-f2cb609cc641,Jordan Landry,2024-09-18,accept,235.23,PayPal
02f08606-aca6-419c-9086-4cd028bc23ca,Martin Evans,2024-09-06,word,26.14,PayPal
bd1a9943-744d-4d21-9091-cdb47d297108,Sharon Brown,2024-05-03,population,456.45,Credit Card
838d1204-4865-4e4a-921a-7f111d988abc,Megan Fox,2024-09-10,suddenly,55.82,Credit Card
05fb0f90-aafb-40fa-9158-9b1657b94c5f,Alexander Edwards,2024-07-11,could,359.81,Bank Transfer
9c7509ab-37ad-4e39-8932-c901c8ae480e,Anthony Maxwell,2024-05-12,on,25.71,PayPal
0701e8df-a5eb-4b27-8ce7-3f141886f4a6,Allison Haney,2024-08-20,activity,203.01,PayPal
cab58c2f-fca3-4784-8a4f-c1f6bde84633,Mark Morris,2024-09-27,compare,95.58,Bank Transfer
c4116004-b4c5-4c7d-8ae5-46b586b18c44,Kristina Bryan,2024-05-06,country,351.27,Bank Transfer
5910b317-cf11-4008-8268-dffe68143b5e,Joy Patterson,2024-01-01,clearly,365.74,Bank Transfer
4762d8b0-35d3-49d6-bcd7-0dd8cea7c954,Lisa Ramirez,2024-06-30,suddenly,375.67,Credit Card
6686241f-9bfb-40d5-8ac6-298597f96029,Christine Evans,2024-01-31,yeah,436.77,Credit Card
a43c6f1b-4e74-462e-aceb-f9ead6777eea,Javier Morgan,2024-06-18,many,375.56,PayPal
a42caef3-15f0-4205-9a3e-4c5d20538ff5,Kimberly Lam,2024-09-24,eye,377.35,Credit Card
33d8af9b-ba55-462b-bf72-695c27a08854,James Sullivan,2024-10-16,door,192.84,Bank Transfer
ef0bd714-0c5c-49e6-97a5-8e4dae5ed5fd,Jonathan Sanchez,2024-07-29,forget,222.73,Credit Card
3224e893-6feb-485d-8ce6-fa3e27bc8105,Kelly Choi,2024-09-30,join,168.29,Credit Card
e8235438-2e3d-43ff-a0d0-44c760a3f7af,Angela Cunningham,2024-08-09,reveal,222.9,Bank Transfer
5c7408d6-4a00-495d-8f80-d37fe3e4d67e,Christie Molina,2024-09-01,hospital,323.5,Credit Card
a0b690c5-fc87-4d73-ba17-a60320d15b49,Kayla Ray,2024-04-12,pick,313.92,Credit Card
d6b05849-e346-4af0-aac6-c9f7e43e9e39,Hannah Turner,2024-05-03,defense,202.64,PayPal
27bbc915-344f-4215-a4e3-af79a1630c0e,Jeffrey Luna,2024-01-15,price,59.09,PayPal
5031cf15-a780-43d1-b7e8-1009e14e6813,Christopher Lopez,2024-03-18,attention,141.09,Bank Transfer
ddc1e35c-8a11-4339-8af9-98b98e8a772f,Mark Reyes,2024-10-28,meeting,217.65,Credit Card
6dba653a-6afc-481d-85f4-82f1cc85326f,Nicholas King,2024-09-19,last,349.76,Bank Transfer
4c7e0de9-bc77-4e5d-819d-fb8c59eebdcc,Brandon Pena,2024-06-03,both,39.97,Bank Transfer
89f06eb9-9d5a-48d3-a366-d077a9317fa5,Brett Nguyen,2024-05-19,onto,403.07,Bank Transfer
41cbb82b-4af6-4ae8-900d-09716a3386f2,Andrea Moore,2024-05-24,pull,135.97,PayPal
b3579422-3004-4a8a-b330-7e38b9aaeb26,Karen Clark,2024-05-08,ask,157.89,Bank Transfer
4f13019b-2edf-43b7-94e8-2cee3ae60d2a,Patrick Huber,2024-09-30,hit,331.14,Bank Transfer
6e3c9844-b2b3-4690-8000-1830ea234c34,Stefanie Howell,2024-01-21,stock,214.14,Credit Card
2c110349-de9b-4aaa-9d67-717722d54be5,Christopher Valdez,2024-05-17,character,172.97,PayPal
99050230-fbb7-4da3-b33f-25be8a728612,Brenda Drake,2024-03-10,mention,374.05,Credit Card
06cf223c-6eae-49ce-bdff-2e70105dc122,Wendy Gutierrez,2024-06-03,mission,25.06,Bank Transfer
efe38259-36b4-46f1-9b0d-6f96b3291755,Joseph Perez,2024-05-09,they,448.54,Credit Card
c48d8a02-85df-45df-8a0e-e32db7a76844,Ms. Carol Parks,2024-03-03,after,321.52,Credit Card
4b12e3f3-f7f6-49a0-9861-7a4366144df9,William Rogers,2024-09-19,team,264.24,Bank Transfer
9a172ae4-e7cb-467a-a6c6-7329be4b7974,Nicole Martinez MD,2024-09-27,character,113.17,Credit Card
a9da8cc1-e110-467f-a564-86daae811e80,Kenneth Warren,2024-01-14,until,94.68,Credit Card
2b6e9583-40ad-48d1-bb31-a7ee39a01d2b,Patricia Berry,2024-04-23,answer,217.45,Credit Card
0cef6d66-a459-4bbc-950b-4589ea314e17,Latoya Alexander,2024-02-11,bad,357.9,Credit Card
0a40f98c-573b-4235-a8cb-103cf0cf500d,Lori Carter,2024-05-05,look,409.43,Bank Transfer
278c703c-3d38-41f6-a476-e945c81c833f,John Hunt,2024-06-04,in,333.51,Bank Transfer
9117c9aa-fe08-4f6c-9aa7-7e47be5655a8,Jason Taylor,2024-05-07,although,250.22,Credit Card
c46544af-8713-4621-a01a-20a9bfffb653,Howard Garrett,2024-03-24,short,346.43,PayPal
7eeb9e1c-bf36-4687-a5c6-12b88d4a754a,Hannah Kane,2024-04-15,agreement,178.9,Bank Transfer
378f78a1-c03f-42a2-950d-eec9bcccfc16,Adam Taylor,2024-05-30,note,155.31,Bank Transfer
78497710-2fd9-4e40-be81-cae66d17eb67,Jennifer Hines,2024-05-07,the,148.23,Bank Transfer
2c356c9d-30e8-4465-ab05-819e3c37d4a6,Jennifer Bell,2024-08-15,instead,441.94,Bank Transfer
b1a6a713-2842-408e-ba71-af25d92be02c,Christopher Malone,2024-03-07,pull,458.7,Bank Transfer
1060a724-3c4d-42d6-a19a-842be6c7cee9,Adam Martin,2024-01-06,religious,348.61,Credit Card
9f7af5c1-e47a-4660-8883-5cd5c75c3f99,Hannah Reed,2024-03-11,official,221.72,Bank Transfer
dab7916a-fb0b-4e38-a2a5-91069dc3ae15,Haley Burch,2024-07-27,it,479.6,Credit Card
711e1203-6586-459e-b8f2-53fc70e2b1c6,Jennifer Cameron,2024-09-13,notice,380.98,Credit Card
ec40d17a-382a-4941-bbc7-3f278e2ab852,Ashley Murphy,2024-04-14,herself,120.59,PayPal
a9948584-edcf-4601-9820-5575aec53781,Brandy Fernandez,2024-09-02,two,129.51,Credit Card
11ddee64-a7c2-4dcf-a760-c4ef9bdcec72,Nicole Hall,2024-08-08,east,288.87,Bank Transfer
050f9b64-02db-44a4-812c-1292f8818343,Angela Crosby,2024-11-05,much,271.05,PayPal
917ccf61-68fe-4758-a1e6-2cee4c0999ad,Mark Gutierrez,2024-02-05,though,15.93,PayPal
8bfed2e8-1c94-4811-8b05-fb0ad24906ce,Joshua Smith,2024-01-28,each,353.52,Credit Card
beaf3818-468b-46c1-bcad-ade5f9cc6d2c,Douglas Ward,2024-09-07,worry,72.47,PayPal
fba42b1c-fd1c-4555-ada4-14c839117c12,Robert Nelson,2024-06-07,much,325.23,PayPal
d0d43344-a7c5-4996-b976-053931586200,Kenneth Mills,2024-04-04,with,278.01,Credit Card
62788ffc-fcd1-4ffb-9ff6-65887a52bc92,Jeffrey Ward,2024-04-03,fast,115.26,Credit Card
07891858-28c6-47f2-93fb-03a4be092da1,Andrew Rodriguez,2024-06-22,value,206.66,Credit Card
8188de61-85e8-4a8b-b602-1365d52a41bd,Regina Larsen,2024-02-02,when,290.8,PayPal
99f5920b-3e24-4b05-a23e-909b0a7ebb28,Jason Carson,2024-10-09,fine,336.73,Bank Transfer
ce87c592-c4a4-4355-9989-baf0a09c8e07,Kristin Parker,2024-07-01,but,218.31,PayPal
f15b67c9-bfd7-4601-b47b-972c12e40323,Raymond Doyle,2024-01-17,several,450.38,Credit Card
69d8199e-48f3-43dd-928c-4c59900b3da3,Thomas Berger,2024-01-11,pick,169.59,Bank Transfer
198af592-9a13-417b-a733-695311fdfb13,Michelle Mccarthy,2024-09-23,order,232.14,Credit Card
6ca2a330-6770-4db2-a5df-fa5181e6de2c,Jessica Moore,2024-05-26,receive,370.62,Bank Transfer
3a0a31ca-9564-4ba6-b83f-22023484a17e,Audrey Proctor,2024-10-19,quality,143.81,PayPal
8e854ab3-ceaa-4ea2-b9aa-b9009ac8e1a4,Michael Davila,2024-01-01,forward,356.56,Credit Card
deaec784-8ec9-4c37-aeef-119104f3c9e8,Ms. Amanda Jacobs,2024-10-24,good,331.87,Bank Transfer
121e2779-3b8f-4aed-85d6-813610df6c6e,Wendy Clark,2024-03-12,him,224.62,Bank Transfer
8e0fe09b-3625-4a5b-ad20-0ac8b3af747f,Bradley Robinson,2024-07-26,writer,24.54,PayPal
3c06f83b-a3f0-4292-bb5f-ce808edb9984,Jason Owens,2024-10-06,teacher,86.04,Credit Card
a3432cef-3587-49c6-afcc-e0ad0e5a9c07,Isaac Williamson,2024-05-22,peace,284.17,Bank Transfer
f07cad0e-e73f-4cb0-a043-445a21c24494,Jason Arroyo,2024-01-06,make,202.38,Bank Transfer
ac8f756f-6f49-407e-a7cd-8cd2cafa1249,Mason Hernandez,2024-02-15,federal,333.47,Credit Card
6da13b84-c1ca-407e-b1b4-b1f4bdd87d9d,William Wolf,2024-08-27,such,497.87,PayPal
eae1fc5c-3acd-4c0a-924c-8ffdaacd03ae,Pamela Caldwell,2024-09-13,tough,138.6,Credit Card
66f9d393-783a-4c88-882b-208a1175f740,Roger Wright,2024-01-24,speak,359.25,PayPal
ea23f0f5-fd00-4f6e-b065-da26379534c9,Dr. Pamela Burnett,2024-08-02,red,140.14,Credit Card
dbc77184-f68b-4b1b-980c-215a46aa1b7f,Amber Simmons,2024-10-27,suffer,249.85,Credit Card
2b0d81f2-894a-4737-90b8-e27e5020724e,Shane Mason,2024-11-09,general,476.99,Credit Card
09103dc2-9ec8-49bc-9ffd-6f9c54939d85,Sarah Pollard,2024-03-09,record,179.8,Credit Card
b3b9e8c6-a500-4813-ad5b-53006c6813a9,Alyssa Griffith,2024-05-08,spend,86.55,PayPal
8af529ea-7375-43eb-b390-e342cd566eea,Shane Buchanan,2024-05-02,onto,271.85,PayPal
e56f4e97-3746-4e27-8004-9fc2836380f6,Lee James,2024-01-13,write,439.0,Credit Card
d3dbe970-77fe-40cb-b63f-436b97b3b920,Danny Harris,2024-02-26,friend,316.87,Credit Card
45c8fb0f-64ac-487f-9890-7bccc55704bc,Angela Bell,2024-03-03,indicate,14.41,Credit Card
f6e9501a-1588-4a1f-b945-04abdbd52084,Deanna Cook,2024-03-06,small,287.6,Bank Transfer
a4c25df1-51a8-47bb-a16b-0069387e5aaf,Paul Stanton,2024-01-06,message,378.75,PayPal
26278fc2-5dd9-4f9a-b307-5c54282169ba,Rodney Ruiz,2024-04-30,key,311.05,PayPal
2fc40fd7-feaa-4a8c-acdd-1b5a2ad3618a,Brandon Hoffman,2024-10-17,often,409.39,Credit Card
4a4057d1-9c12-4f94-92ed-410830bde8e5,Traci Washington,2024-05-30,population,481.38,Bank Transfer
48a8a47c-419a-455a-99c6-6ad9cec93606,Alicia Dean,2024-09-19,list,431.99,Bank Transfer
0941618e-7065-4b15-95e0-6d93a4ddaf5d,William Moore,2024-06-27,bit,345.88,Bank Transfer
6fb26f31-5977-4fde-8c90-1fd8c8ed40a4,William Hughes,2024-10-06,strong,141.45,Credit Card
b4ce37a3-b861-4ca8-b363-4fa8c499c7ff,Jesus Fox,2024-04-06,break,36.51,Bank Transfer
ebc9f928-d53c-4311-be96-b53090d24f38,Kevin Cisneros,2024-05-11,trouble,49.55,Bank Transfer
d0aea8bd-1da5-43b3-9fcb-783ab64ef497,Jessica Morrow,2024-05-23,buy,265.11,Bank Transfer
3087ffa5-c689-478d-97c7-e68af90ffe4a,Christopher Smith,2024-01-22,movement,444.58,Bank Transfer
2e9b14a2-29a5-41a8-9918-5c3f11297e59,Jo Shelton,2024-08-07,social,459.99,PayPal
f78f164d-310c-4d20-97e8-c8da672f625b,Danielle Faulkner,2024-06-30,prepare,174.68,PayPal
a94d4257-c11a-41e8-b96a-4ae62aa5f6a1,Eric Chen,2024-02-08,customer,428.55,PayPal
f8e0af7a-e52c-44d8-b2f1-6bf4a3367d6e,Richard Simon,2024-09-11,serve,54.7,Credit Card
f6f65448-a1e1-404f-86dc-e71602b47a68,John Wells,2024-09-04,short,480.06,Credit Card
2945c398-9c4d-4c13-b30f-59b6cc8f9508,Corey Carter,2024-09-02,social,148.67,Credit Card
c7626595-9944-4476-a840-562140f433a0,Matthew Gonzales,2024-07-21,join,137.84,Credit Card
9be8fa53-bbb2-4a1b-a0a6-d299772df7ed,Jennifer Crane,2024-10-12,actually,401.44,PayPal
5c6bc151-2465-4afd-a769-705eb7e50b88,Daniel Jones,2024-07-14,building,334.75,PayPal
48fdb963-721d-4568-87f7-aef8be5b41ef,Jasmine Smith,2024-08-18,director,214.32,Credit Card
1e8c5bea-a5dc-47a4-acba-558e4c37b3c5,Brenda Reynolds,2024-05-28,trip,365.51,Credit Card
f94383cb-609c-4e54-9564-a82878ae6db7,Richard Buck,2024-01-15,whole,50.92,Credit Card
f03b24a0-f43f-494c-a527-5a573a1241f0,Jason Gross,2024-07-21,take,426.45,Bank Transfer
99c69793-6d49-460f-a32f-b87da2a3dabc,Zachary Olson,2024-02-18,nearly,139.44,Bank Transfer
8a5243d8-567b-4729-86d7-ede60884684a,Kristen Richardson,2024-08-11,case,323.08,Credit Card
ab0e7648-fd88-44c5-bf71-2a1dc30e1a0d,Lisa Santiago,2024-04-01,allow,244.66,Credit Card
d049ff8e-b6a7-4114-be60-ab6854e47593,Marc Jones,2024-02-08,free,268.98,Credit Card
ef63729d-4696-4133-b141-d107e4b0d5d3,Joseph Lyons,2024-02-18,too,73.5,PayPal
518c69fd-42aa-4bcd-8b57-2feddfc346f0,Rachel Sims,2024-11-08,generation,41.96,PayPal
954bf97f-3594-4919-91c0-a8ff7d59d840,Stephen Williamson,2024-04-12,doctor,460.01,PayPal
e43618a1-6545-4f4d-bf10-13a9bf0d2d37,Renee Kelly,2024-01-03,strong,255.79,PayPal
004f5d3e-a885-44ed-9759-e7768f35d380,Taylor Peters,2024-09-21,series,138.45,Bank Transfer
bde22ac8-08fc-4177-9a46-0c906a3e96b1,Jill Long,2024-08-26,everyone,329.69,Bank Transfer
f6d7e3ec-ed57-4167-8984-b3eb9ed3fba4,Julie Bennett,2024-05-05,girl,193.34,Credit Card
bd3c53ff-9716-4cc8-874c-e16725590da4,Martin Davis,2024-09-07,agency,308.41,PayPal
4329725e-b437-4b2d-9b60-18ea87659554,Duane Calderon,2024-05-04,sell,43.86,Bank Transfer
3fa18df8-4b3e-4503-a696-f0c59be32668,Michael Campbell,2024-09-28,training,154.85,PayPal
2fc4616f-9a91-4c8e-aae0-df776457ab8d,Maria Skinner,2024-03-06,clearly,200.81,PayPal
ef65e297-4f55-43a5-8932-290d8b159bf0,Crystal Mays,2024-04-18,too,259.09,Bank Transfer
0ce34cde-1349-4092-bf09-e2bd1ed1dd4f,Tyler Joseph,2024-10-25,future,100.36,PayPal
ccdee4ef-cca9-4a01-8513-c419e6fa9196,Cory Sutton,2024-03-20,result,77.6,Bank Transfer
324bd8e4-8b99-4726-85be-5485c7750cdd,Brian Mercado,2024-01-10,business,299.13,Credit Card
3730412c-fe23-457f-ad9b-48eacf3251ac,James Baker,2024-11-08,parent,391.9,PayPal
9b7ac771-17e6-4e43-8625-c723489bf9fd,Andrea Brooks,2024-02-10,often,131.96,Bank Transfer
f3f500ed-d52e-45db-bd91-17f833715316,Patricia Adams,2024-06-12,car,178.9,PayPal
bb37d348-ebfb-4d06-87a2-27733297159e,Christopher Rocha,2024-01-02,law,434.67,Bank Transfer
62008997-c04d-4e72-b99e-f6a90c4ca575,Sarah Peters,2024-07-14,phone,392.0,Bank Transfer
6e3edaea-0c02-4280-913b-477dd981a5df,Melissa Taylor,2024-02-17,board,289.48,Bank Transfer
bf0bd6f0-4f51-4a70-9c0c-9971364726b6,Ryan Harvey,2024-03-30,always,290.28,PayPal
11852a43-2e6f-440a-8593-7791e04bd49f,Mark Henry,2024-03-26,paper,34.17,PayPal
fb0d94d5-365f-40d6-ab95-6757dd8de965,Sara Harris,2024-01-04,significant,19.01,PayPal
d5e34deb-467b-47e5-8f01-b7c44a8c4c91,Nathaniel Patrick,2024-07-21,partner,195.01,PayPal
69294d80-04bc-44d0-96c4-3a73b6a4457e,William Smith,2024-04-13,painting,81.76,Bank Transfer
25aa2a85-4ff9-48f6-9dfa-f584c51a9f58,Scott Church,2024-11-07,learn,381.12,Bank Transfer
d8ae569f-4b0e-44b5-83e2-145e62ac5ce1,Dale Gibson,2024-08-28,effort,120.87,Bank Transfer
b7ea9e67-8291-4290-bee4-60d6c4ca04a3,Cynthia Gaines,2024-01-19,explain,165.7,Credit Card
48370aa7-ef68-4ac7-a4b5-b99b70199d50,Robert Wilkinson,2024-08-16,style,239.16,Bank Transfer
020e9247-8608-4486-9092-a4a1cb3612a4,Debra Brown DVM,2024-09-25,strategy,280.02,Credit Card
74b0d6a5-f900-4526-b7c9-8fd99626143c,Chad Greene,2024-03-28,rest,432.55,PayPal
363db2b4-3f6f-4b01-9b64-4ebab4958de7,Kristin Barber,2024-06-04,although,283.11,Bank Transfer
5b9e9f77-4e92-4751-99a8-ce9e59b1f603,Elizabeth Hebert,2024-01-26,deep,258.08,Credit Card
c2bfc0a8-ed3b-4f11-8a1a-7cf2c8c0aea9,Corey Torres,2024-06-24,window,432.5,Bank Transfer
1b31019f-e404-4ac7-ade2-63412db284d0,Shawn Smith,2024-09-02,dream,234.99,Bank Transfer
ba07524c-124a-4610-9ca2-c874f9529cd5,Travis Bolton,2024-02-10,international,58.81,Bank Transfer
4e11e0a5-0671-4aa5-9e63-c0cc2da70323,Gary Bates,2024-10-11,phone,371.92,Bank Transfer
305c94e8-9c48-4be5-8f36-ccd4ac779ca3,Tony Harding,2024-01-12,police,350.44,Bank Transfer
25c2a0de-83c5-44c4-9af9-a75014d81793,Steven Alexander,2024-11-07,speak,434.37,PayPal
0ac6cb52-0959-49d9-b168-16266cea4d21,Zachary Moreno,2024-09-03,evidence,370.46,PayPal
6133ea62-acd1-431f-aca3-2774f15d1a98,Katherine Zimmerman,2024-10-28,might,499.58,Credit Card
f709bd70-47eb-4944-be47-cedc7fb5f418,Melissa Wilson,2024-05-18,across,97.32,Bank Transfer
3ecad0f8-37ba-41b4-9ec5-7bbfb20b4358,Megan Snyder,2024-10-09,simple,64.02,Bank Transfer
2c3d5df5-c478-47a2-9f84-837298f82b8b,Mr. Jared Chase,2024-05-12,hotel,132.37,PayPal
9c65f7f5-8fd4-4df5-acaa-4a31c9788703,Thomas Reyes,2024-02-16,agent,440.6,PayPal
320edf54-3b1b-4138-b45b-7dd63801a2e0,Taylor Villanueva,2024-02-08,thank,345.87,PayPal
0a90f956-5d93-4de4-bec3-4d8a0f9061c1,Sheri Wilson,2024-04-14,guy,240.48,Credit Card
2dc8170e-7411-4912-9842-f58ca03d2d53,Curtis Skinner,2024-01-17,force,431.89,Credit Card
50d3c7b4-e561-478c-8fcd-a890904804c6,Aaron Macias,2024-09-04,history,335.76,Bank Transfer
a795a0b9-79bc-4b2a-8ff5-8da1c66f2a35,Michael Ware,2024-03-13,baby,126.51,Bank Transfer
63e4984f-8de6-4800-a716-12229dee8387,Shelley Raymond,2024-05-25,even,27.36,Credit Card
e1dd291d-d332-4bd5-80fe-fc353e887eb4,James Henry,2024-09-05,story,210.96,Credit Card
778d556a-aef5-4c7a-bb2e-305545750016,Theresa Chambers,2024-09-08,toward,74.93,Credit Card
b5779bee-24cd-4233-8dcf-a7e6d2e3ea82,Scott Pierce,2024-02-15,result,175.7,Bank Transfer
4416d9cc-a4bc-4f6d-9802-a177f12f46b3,Christina Collins,2024-09-19,rock,481.93,Bank Transfer
337e2a4f-2199-494b-85de-c1956f825330,Sandra Rogers,2024-07-07,actually,278.16,Credit Card
ad8daa13-668e-47b2-88f8-500ff8203c18,Jeffrey Williams,2024-03-01,doctor,33.02,PayPal
e57aec67-85f6-40a0-9e51-eaa845a102b6,Breanna Brown,2024-01-15,note,265.98,Bank Transfer
bed1ee5b-8f75-43c3-818b-18505d76bc96,Bruce Johnson,2024-07-22,mission,187.79,Bank Transfer
3d8bc8e1-68df-4d59-81fb-aba6afa1bff0,Brandon Webb,2024-01-30,wait,69.3,Bank Transfer
71ea8356-b514-450c-ad30-618a08861951,Monica Cherry,2024-02-05,true,143.11,Credit Card
53e59485-c869-48d1-bb24-cc42bbf244e0,David Mueller,2024-01-07,land,485.81,PayPal
0d6016ab-6049-46e7-bc42-914bc6f89903,Alyssa Walker,2024-06-30,look,265.01,Bank Transfer
64319ce5-2ead-438b-98d6-0e963c5f372b,Margaret Tucker,2024-06-10,treatment,171.28,Credit Card
e8ef7bcd-c682-4e22-b963-26f706c796a1,Autumn Yang,2024-04-23,fly,384.49,PayPal
8ac3cb20-965c-40e7-9c3e-c8441b661c86,Kelly Carter,2024-02-21,while,293.81,PayPal
d811eef9-3d3c-44f4-b0f9-f5a7ce8ac323,Jose Chang,2024-04-03,effect,119.33,Credit Card
911dd6fc-5b56-47ff-b53b-3eb35de614cf,Scott Sosa,2024-02-23,life,395.0,Credit Card
f2f4fb91-3dc7-483b-9c30-5ab2c2e83612,Erin Williams,2024-10-29,language,43.68,PayPal
5ad9d5a4-6e7c-485f-b600-00abf0ab32d2,Lauren Robinson,2024-04-26,rich,328.9,Bank Transfer
5d643fb3-3dda-411a-b67f-5593e28fd8c6,Alexandra Gilbert,2024-08-10,wear,427.84,Bank Transfer
16958bbf-31f1-4a53-baf4-de51c14a8cc1,Christian Jackson,2024-03-09,gun,481.11,Bank Transfer
deefb2a4-3f7f-40c9-be40-be677501d883,Mary Hall,2024-03-21,knowledge,170.02,Credit Card
67f67969-2ea3-490b-be28-d33d121bd30a,Kevin Stewart,2024-02-23,effect,289.26,Bank Transfer
a80f5cfe-1191-498b-967f-fcbd7257139e,Kimberly Herrera,2024-09-25,every,176.41,Credit Card
91e2b961-e683-4c0a-bc3b-8fa5b28192bc,Lindsey Wright,2024-07-28,available,246.9,Bank Transfer
dc6f71fe-3383-4e7c-879d-824aab440906,Daniel Torres,2024-09-01,church,167.27,Credit Card
cbc43879-19cb-4431-aabe-bbf17214d48c,Bridget Gomez,2024-04-15,deal,270.03,Bank Transfer
ef1fc3dc-683b-469f-a671-c64cb21ba8e1,Jessica Cole,2024-03-21,control,481.96,Bank Transfer
948d28b5-b95d-45d1-bca5-05b1eb77cd2d,Brenda Garcia,2024-01-03,understand,363.76,PayPal
e86f380c-cd0d-4fcd-800c-71541250125c,John Hobbs,2024-03-15,easy,312.69,Bank Transfer
102dc9a5-0a1a-433e-807c-f8eafc9c6bdb,Tyler Osborne,2024-08-11,agent,250.68,Bank Transfer
aa40d7b7-fa30-4d63-afd9-9f339fe48ef7,Michael Thomas,2024-03-22,white,384.19,PayPal
2e2512f8-a136-41b1-a9f4-55ca3874cc83,Alexander Delgado,2024-10-31,crime,166.73,Credit Card
42aaac86-67f2-4893-97a0-c8cb667ba56f,Jennifer Gomez,2024-06-07,happen,325.53,Bank Transfer
c4a97fbb-ca8b-4cec-9d7b-a14fdd83e9eb,Colleen Harris,2024-09-06,line,316.69,Credit Card
0647dca0-0eb4-42da-95d2-5c4ecd383db2,John Foster,2024-08-19,herself,235.87,Bank Transfer
562a01c8-d87f-4ce4-9dc3-a2441d3a7267,Christina Harris,2024-01-04,think,308.1,Bank Transfer
c59b1ec3-74db-421e-bdbe-d719b4957a82,Tanner Smith,2024-07-18,take,378.43,PayPal
2674c70d-22a0-4574-bff6-d670b6325136,Lisa Nichols,2024-04-02,skill,494.26,Credit Card
78e96ea1-7313-4f5a-8585-927f9cf5700d,Dawn Tran,2024-03-17,program,130.07,Credit Card
0f054ce6-e516-40cd-aced-01345695672d,Jordan Chen,2024-07-09,visit,162.71,Credit Card
7849eae8-c100-4941-9be0-2ca31a6b6c6a,Jerry Griffith,2024-07-17,idea,451.22,PayPal
2f0a93ed-24a0-44a5-bb06-8446ee19975e,Brian Garcia,2024-01-28,lay,497.98,PayPal
e0d82453-e8b1-415b-874b-772211470929,Justin Carr,2024-04-16,option,368.83,Credit Card
c2accdeb-1dee-4b22-a3c4-3aaee30e3562,Scott Rocha,2024-08-10,message,92.25,PayPal
3c729609-dd7a-4857-8510-eeb7e3df2de5,Max Anderson,2024-10-08,support,189.01,Credit Card
591e4d3d-1e00-4e07-8609-e12f5b505e4e,Amanda Lawson,2024-11-09,yeah,376.87,PayPal
6b52a13d-2999-4832-8031-3e49fa1f7163,Chris Webb,2024-02-28,shoulder,14.27,PayPal
161757db-e7a9-4b84-aa13-c4ebca9b7e52,Stephanie Romero,2024-03-20,movie,83.35,Credit Card
8bdae3e0-ff9f-4c7d-a97e-2a3bcc61b530,Steven Allen,2024-03-03,full,211.04,PayPal
1114fa92-67ae-49aa-ae0b-e2f9c6c7f922,Scott Lopez,2024-10-20,agency,370.68,Credit Card
84f9432e-94ad-4a1b-a4e8-9bdd1fdaa182,Michael Calderon,2024-03-09,our,412.49,Credit Card
6362f635-1edf-4c65-8fa0-b3509d0e870c,Joy Neal,2024-01-14,act,94.01,Credit Card
09e2b112-9f5a-4917-8565-9fcc637fabe2,William Nguyen,2024-08-12,late,384.46,Bank Transfer
cabfd72c-6df7-4bb1-9fd1-617625e214f5,Yvette Flynn,2024-10-16,media,147.09,Bank Transfer
a5216780-a28a-438c-9755-678b53d625fe,Dan Dunn,2024-06-17,smile,372.68,PayPal
4cfab52d-bb4b-4bf9-ba22-299e9d4bd927,Kevin Thomas,2024-09-19,wear,296.51,PayPal
9a5126f0-a9b9-43b0-b5d9-454ddaeda9bb,David Crawford,2024-03-11,clearly,436.2,Bank Transfer
f51b53ed-0500-419f-9e1c-5b15c5ce58be,Victor Johnson,2024-04-13,suffer,214.4,PayPal
71fae700-9fba-48f5-9767-5efac402cb13,Mr. Bryan Cox DVM,2024-08-20,government,248.12,Credit Card
d0e3cad8-0b1b-4ef7-a262-6b03efcacbb7,Paul Williams,2024-07-07,political,398.93,Credit Card
0a13a1b8-0937-4db4-af5e-7c245562a573,John Hayden,2024-09-08,table,327.04,Bank Transfer
f2a7aba0-35c2-4cee-8af4-b1530bf75810,James Brown,2024-03-16,special,441.18,PayPal
1506109d-94f7-4464-9ae1-2a94ff0c9f57,Jerry Riley,2024-08-30,large,160.06,Bank Transfer
2e9d3aa9-1472-4d50-82b5-3d65367c9c58,Zachary Parker,2024-08-02,research,16.41,Bank Transfer
03968148-e506-4994-a746-8fd5ea0bf56e,Michelle Bass,2024-07-29,your,12.0,Credit Card
e47911b7-8c02-422b-b75e-9152c0c993ff,David York,2024-10-04,bag,115.24,PayPal
7a2a6ed1-9b31-4cb1-881d-2bcd8076e861,James Henderson,2024-06-06,customer,499.07,Credit Card
381cdd34-a5a4-4e67-be29-c219c3f33677,Patricia French,2024-09-14,like,78.76,Credit Card
c5927395-ebe2-4d24-8da4-a89416778706,Bruce Hamilton,2024-02-12,amount,73.54,PayPal
f826bba9-6544-412f-9263-e835adbd6f92,Jesse Robinson,2024-09-13,smile,343.36,PayPal
b7a8ba76-89ab-4ed4-b848-4f677990c633,Thomas Moreno,2024-05-05,employee,26.78,Credit Card
b691f1eb-d23e-4990-93fc-6d48f15f2cd2,Spencer Edwards,2024-08-24,huge,488.85,PayPal
f1eb0a78-ccf8-48c3-9f65-63f1296b49f7,Travis Wilson,2024-04-17,hundred,40.55,PayPal
59782f99-c2d8-41d5-92a2-08d04edd8163,Nicole Wiley,2024-05-22,present,461.07,PayPal
05ec98c1-0e97-46d2-8c9e-bb220fd83b0c,Troy Mccarthy,2024-07-31,past,267.51,Bank Transfer
24cbd49e-a55c-4f57-8b9a-27480508cdcd,Mr. Eric Copeland,2024-04-05,expert,148.42,Bank Transfer
42c93106-e0dd-41ef-acce-b0855e5e3ee0,Scott Rangel,2024-06-25,cut,492.01,Bank Transfer
8ab68c3e-503b-476b-900d-8bb8766f0380,Brandon Griffith,2024-09-06,opportunity,297.95,Credit Card
2d2ff938-3067-4c9e-9999-d261d55c6537,Elizabeth Mccoy,2024-04-21,main,23.52,Credit Card
b1c627b0-b30e-4620-9138-7dbeadd557d4,Alec Shah,2024-07-01,appear,16.5,Credit Card
4f96fe9d-bc14-49a3-9de3-eca4f0e732eb,Laura Miller,2024-03-01,I,191.0,Bank Transfer
b53a72d4-0a0a-4552-aff9-d167f1297158,Jane Orozco,2024-07-05,wall,22.89,PayPal
fc1ccc6a-b9d7-4d19-90f7-73543bdacc50,Dale Marks,2024-08-26,at,12.75,Credit Card
6da4cd39-638e-4b68-9eb7-40b2274a5d46,Kristina Collins MD,2024-08-08,against,244.85,Credit Card
da49d687-5604-41d7-a6b2-8542eff610cb,Mark Richard,2024-03-10,move,423.89,PayPal
5e559eb9-973f-4496-a454-a513f18e3a48,Lonnie Odonnell,2024-10-05,pay,73.1,Bank Transfer
c99eb2c7-53c9-44cb-b76d-30933cfe2fdf,Jorge Wright,2024-05-15,sing,289.29,PayPal
5c442a55-dc2f-4f82-87cf-c46b63bfe581,Nicole Kelly,2024-07-12,production,383.35,Credit Card
30e687e2-b98d-4c17-b054-859ace779f15,Tina Williams,2024-03-23,hope,78.59,PayPal
2a40b404-2ac2-4737-ae3f-ef3cd17a099d,Joseph Nixon DVM,2024-05-26,for,74.07,PayPal
feaeb949-a167-4dd5-ad18-8ce70838901c,Joel Berg,2024-10-06,similar,299.25,PayPal
f85fce98-ff6c-44ec-b5d6-de723022af4d,Susan Smith,2024-04-12,work,27.03,PayPal
541d19ba-fa2f-4b6d-af49-c4c44ecbe398,Gary Romero,2024-04-27,catch,458.69,PayPal
f5f62111-663f-4e13-bf5d-90c2f2174b35,Richard White,2024-09-21,culture,434.86,PayPal
c7ed4e31-3c88-402e-b185-dc8d058873ac,Colton Price,2024-06-05,family,192.05,Bank Transfer
2fe06b3d-b02d-4808-aafd-96a4a879194f,Christine Hodge,2024-03-08,figure,252.71,Bank Transfer
23c62f3b-78db-4fbb-9868-aa3228f2f828,Kyle Wilson,2024-08-23,option,204.93,Credit Card
f6cb95c5-3341-42f6-9338-816f3e10eee0,Annette Andrews,2024-07-10,create,248.35,Bank Transfer
d1048fb1-0daa-48e6-87c8-e84e08d0a555,Pamela Adams,2024-07-14,concern,349.73,PayPal
79d06a38-384a-4b71-b2d0-4acc27004d65,Rebecca Johnson,2024-02-13,carry,102.93,Credit Card
1fe40d14-0537-4593-9310-3fd61568e394,Vanessa Petty,2024-04-08,physical,360.86,Credit Card
a6e793d1-4a3a-4fda-a335-5d2144079500,Miss Bailey Howard,2024-05-24,mouth,494.83,Bank Transfer
d3d6492d-5ad5-4d7a-89cb-8e0ca48f9e3d,Ronald Murphy,2024-07-20,two,27.09,PayPal
2d3178ed-5edb-4685-8065-8196e0ae0364,Kathleen Johnson,2024-08-17,accept,174.11,Credit Card
666720a5-cb27-4d8d-a84a-fad38bc334c5,Amy Small,2024-09-17,herself,52.58,PayPal
c5f803db-ac56-42a5-bd4c-b096490f1c0c,Gina Pope,2024-09-09,account,108.2,Bank Transfer
9d8eb386-a95e-4cdc-96c5-36b9cb7f3df1,Tina Marshall DDS,2024-05-27,already,40.5,Bank Transfer
36fdf6c6-1bd4-4b24-bf71-cd1b28e10a6c,Shawn Cervantes,2024-06-06,seven,328.56,Bank Transfer
0cc2a578-7b09-45f0-9151-4e8c82682ed2,Victoria Wilkerson,2024-08-06,stand,10.31,PayPal
598e4599-d9b8-4952-b864-0d26fff2ba40,Christine Andrews,2024-10-13,early,494.5,PayPal
6fe789ca-ee77-4ac9-b665-9d02710c1acf,Joseph Lester,2024-05-08,side,428.47,PayPal
46b3ec6a-9315-4940-8370-17b91cb57af3,Jessica Gardner,2024-05-12,idea,336.89,PayPal
61834967-955d-4104-999a-8e263cf74cc1,Melanie Knight,2024-03-30,bad,230.59,PayPal
9fcf4ba5-3186-4210-a31a-e4d4df29a008,Tina Barker,2024-08-25,million,181.57,Credit Card
3593bac2-dcc5-4915-a27f-f7d2dfd5e5f6,Jenna Torres,2024-08-16,push,425.5,PayPal
0394b7b7-279a-4b70-9195-3d6dfc33ead0,Anne Matthews,2024-03-08,Republican,380.34,PayPal
573d6208-78a2-459b-9617-10a7a30a5abb,Kimberly Berry,2024-09-28,month,230.97,PayPal
4d32b381-af41-40e4-b4d6-995072c8216c,Phillip Smith,2024-09-13,west,469.03,PayPal
ffe5195a-378e-40f9-ba60-47864f90bbda,Sabrina Hahn,2024-07-17,because,116.97,Credit Card
8b8e8b03-8ee2-4f3e-9af5-41970033c365,Tyler Powell,2024-10-19,environment,424.17,PayPal
296233f2-9fc0-46b7-b7a0-11ee1bc19c7d,Connor Nunez,2024-05-01,treat,221.33,Bank Transfer
a19e87af-f1d0-461d-b869-7d38059b33a6,Anthony Simpson,2024-11-06,seat,317.97,Credit Card
1f859eeb-16ab-4cd6-a63e-aca704e0297a,Jeffrey Thomas,2024-04-24,record,130.18,PayPal
46844bd7-62ac-4fa7-8529-22331242b920,Steven Wilson,2024-06-07,walk,204.0,PayPal
5eb71341-6623-4565-a89c-1a5f20a77490,Eric Brady,2024-10-24,news,107.34,PayPal
63c5d8fa-cbf5-4afa-ae21-e83a031d012d,William Jenkins,2024-10-16,each,13.9,Credit Card
084ce838-12ee-44b5-8a36-e9a2b67296a2,Emily Lee MD,2024-02-27,method,181.61,Credit Card
125dbf5e-4dd6-4908-b3a1-0d09e576c57e,Mark Flynn,2024-07-31,fight,422.27,Bank Transfer
2f6e395f-cf80-4352-8879-244049532ca5,Seth Raymond,2024-09-04,reflect,207.97,Credit Card
da5e1dac-0358-44e0-ace1-43447677721a,Dale Sanders,2024-02-14,again,319.5,Credit Card
d65ecb71-8e5e-433c-921c-b4b0d055743a,Nicholas Hernandez,2024-04-15,throughout,301.03,Credit Card
a736a492-1047-4d1f-aee9-72daf7c7ddf4,Vanessa Davis,2024-09-18,practice,51.33,PayPal
40f8f72a-5991-415b-8353-238ae3625bc5,Kathleen Leon,2024-10-30,but,22.97,Bank Transfer
2c9ba752-9ed5-41f7-ae0a-d87664996552,Christina Jackson,2024-04-23,usually,145.68,Credit Card
b25f8892-a828-48b8-b3ca-994bcc939e4f,Tiffany Weber,2024-08-15,let,108.3,Credit Card
ff96e883-3905-482f-9768-3a542c9a9556,Nicole Martin,2024-03-26,put,112.9,PayPal
ed74bc5e-09e4-4452-95e0-eef5c3108744,Tammy Moore,2024-05-14,finish,446.3,Credit Card
f39e4cb8-c50f-4058-9fd0-4c25b9b2a07e,Heather Clark,2024-02-20,must,441.66,Bank Transfer
963715fb-2fbc-4367-b314-722bfabaf9a4,Dale Coffey,2024-02-07,hard,198.6,Bank Transfer
b405ca86-0660-409e-bbbe-b1cf46d81da1,Jonathan Herring,2024-04-17,form,351.05,Bank Transfer
f9ba1695-9a42-4052-bc64-1bec628ae24e,Amy Hicks,2024-07-21,build,207.09,PayPal
4ef00865-4a34-49d9-8549-4fb1e7bc40da,Bryan Benson,2024-11-01,say,65.07,PayPal
943880ef-1837-4146-a4af-90e4e3c94bc4,Timothy Stevens,2024-01-22,stock,85.03,Bank Transfer
42a194f1-2dac-4839-bba3-e77a084f8ee3,Melissa Johnson,2024-07-27,TV,360.53,Credit Card
ae9cad2c-d000-41c5-a1fe-23f9b25ea549,Kimberly Savage,2024-04-26,structure,54.42,PayPal
90573f05-5388-4444-a10a-b6089b1b237c,Nicholas Zamora,2024-01-31,now,131.02,Credit Card
983b3b29-561b-492a-99af-e7cbbfb3baf1,Steve Lopez,2024-02-20,address,486.19,PayPal
cb87d973-05ef-4fe9-81c8-28769aec1e8f,Kimberly Hatfield,2024-06-21,five,176.53,Bank Transfer
3d2f5b2d-7c6b-44c0-95c0-2c4950ad67de,Clifford Herman,2024-03-21,play,334.41,Bank Transfer
fe18c448-1753-4f66-93b3-9e93f1230453,Joshua Hobbs,2024-07-23,more,201.71,PayPal
69524d69-b688-47e7-85fb-bc98859d400a,Dustin Castro,2024-09-14,response,227.73,Bank Transfer
183b172b-e721-49a0-a02e-a7d228bafb49,Donna Burgess,2024-03-06,buy,446.43,Credit Card
6739ea11-9f52-46af-b1c2-a8e0a9ea95eb,Victoria Matthews,2024-02-26,say,48.41,PayPal
b5429487-1920-44bb-8b32-e3dcacd152b5,Jessica Wilson,2024-10-12,around,180.92,Credit Card
cd66834a-a318-46e0-8b8b-ee682a276e45,Mr. Cesar Soto II,2024-01-05,fear,493.2,Credit Card
a2b1fd32-33d1-4137-ab62-b4bc6c90a3b8,Mrs. Andrea Wright,2024-08-10,from,280.46,Credit Card
e6601823-ff45-40f0-8fb2-ae112d1a5d17,Christopher Lee,2024-06-30,once,417.68,Credit Card
9fb16cb7-348a-41c4-a7ae-13b7a665eba9,David Meadows,2024-02-28,on,352.07,PayPal
a47ca2dd-0fcc-4df8-b49e-1ecbf329bfb3,Adam Alvarez,2024-04-21,reach,280.16,Credit Card
3d47c59b-7791-4c87-a0bb-dd3f7734b08c,Cameron Gordon,2024-07-14,fish,385.85,PayPal
a1cac253-c305-4e4c-911a-e72a740e0248,Steven Perez,2024-07-30,head,140.62,Bank Transfer
222cb5a2-7c2e-4001-8d8c-d0fb2f264d9c,Dr. Jake White,2024-10-14,stop,180.89,Credit Card
d4ff7a35-4e56-455f-abc2-986df74c3006,Kelly Manning,2024-08-26,offer,30.51,PayPal
7a32e8fa-d850-49df-8a2b-b9e655264036,Jennifer Davis,2024-07-16,help,192.63,Credit Card
33870d05-d56b-41f3-8295-9cca9a72a445,Crystal Green,2024-02-23,believe,78.89,Credit Card
e2e84abe-f4d3-47cd-a50c-ea99468bf6d7,Aaron Ramos,2024-05-19,new,192.83,PayPal
f47f9a01-3867-4d40-a164-bacf997458a7,Wesley Hamilton,2024-08-28,someone,26.33,PayPal
bbe1f9fb-0ed2-4cc0-a58a-e1a26742bac2,Cameron Arias,2024-06-02,deal,486.92,Bank Transfer
7c473eaf-ab95-4aba-95b1-525ebd98c388,Ashley Evans,2024-09-11,he,77.18,Credit Card
16c4e598-f2b6-43a6-94f9-a515a64aa59f,Dr. Christina Wallace,2024-10-05,summer,228.25,Credit Card
b8bd173b-ec58-4c22-bfac-11e3d3ca723e,Jacob Rojas,2024-06-07,represent,136.45,PayPal
d0d7a4ef-892d-4b99-8d25-4a70dee0073f,Dennis Warren,2024-10-23,admit,235.78,PayPal
53330197-fce7-4270-80a9-ee5e6ff98e5e,Cynthia Smith,2024-10-17,west,390.32,Bank Transfer
3c611a79-1c03-459f-b1df-de6854cb1bcf,Michael Owens,2024-10-08,future,41.92,Credit Card
6a56f079-26a3-4800-9135-a7255edca0f4,Ann Osborne,2024-06-16,protect,165.7,Credit Card
d77075d6-902e-444a-810a-6342ca811872,Keith Rowe,2024-06-21,million,104.18,Bank Transfer
76dc4198-70fc-477d-bb8f-c7e2710a8426,Randy Payne,2024-10-25,pattern,378.99,Credit Card
49fe6981-da65-4005-afbb-5402d9e952e1,David Dominguez,2024-09-06,reach,116.23,PayPal
71e20b50-9d6c-404c-82f4-e8687ac0b0f3,Thomas Sullivan,2024-05-08,effect,357.67,PayPal
6ca85476-7421-408f-a307-2c127b9a8add,Jonathan Walters,2024-09-27,drive,98.08,PayPal
abde424c-5b91-4e7d-8e52-209a5d70d8c3,Miss Alicia Jones,2024-01-27,product,373.92,PayPal
c0037f2d-7495-4f6c-93d0-21e7e58c483f,Alyssa Merritt,2024-07-07,common,116.45,Credit Card
a33ed926-5a48-4350-8b18-e2f0ce20a67f,Juan Hart,2024-09-02,relate,18.01,Bank Transfer
62a6b97e-4dfe-4e50-8d04-9e1690ef3cb8,Kevin Mathis,2024-02-13,medical,492.01,PayPal
b01f2c61-51ae-4e7d-8e49-ff8d25af721a,Marisa Garcia,2024-06-17,week,188.47,Credit Card
1d6ff5d2-3754-4d7f-a515-9acab3c6717f,Jonathan Hill,2024-05-31,offer,193.73,PayPal
23aa1ac2-658c-4924-affd-3747c3104751,John Gardner,2024-08-22,anyone,262.91,PayPal
290f053c-7a95-4060-8c7b-44828b388726,Andrew Molina,2024-01-08,hospital,158.05,PayPal
3cbf2325-c605-4e8b-be98-607011638647,Zachary Stafford,2024-03-06,authority,463.76,Bank Transfer
5dcf57d6-26fe-4ad7-afac-fbcfdd21e016,Anthony Hahn,2024-05-19,born,121.09,Bank Transfer
e1e9a2bd-1b88-4fc5-9f58-51d3b7ac8d04,Maria Jones,2024-06-05,population,15.6,Credit Card
0d890911-8204-4acb-b927-5085de28f34e,Mary Aguirre,2024-07-16,remain,37.68,PayPal
e6bf4942-6327-4438-8563-243648bee18b,Kristina Small,2024-07-09,always,465.88,Credit Card
27aa6318-9d09-4010-bd21-e370f7f2328c,Kristina Fisher,2024-01-18,join,190.79,Bank Transfer
4ef4e89a-e279-4082-b049-a0e75fb1fec2,William Smith,2024-07-18,think,20.76,Bank Transfer
7670c145-b3c0-4064-839d-480fbb6897f5,Isaac Taylor,2024-09-27,training,272.44,PayPal
abc15bc2-8800-4af2-90b2-dbaca0af5c19,Patrick Nolan,2024-01-20,cup,251.43,Bank Transfer
4f9f5665-4d82-4eca-8594-73c30854b3b9,Seth Jones,2024-09-09,may,253.84,Bank Transfer
002dd465-6eac-4c7f-9879-21da74b4fdef,John Williams,2024-11-04,herself,128.06,PayPal
c0e9872d-2c87-44f2-9074-bd2b3d33ed5e,Renee Martinez,2024-08-04,west,389.55,PayPal
a2235b1b-cf24-4580-be72-3eb4905852f4,Dennis Ibarra,2024-05-29,would,437.23,PayPal
33b66f0a-a6eb-417e-88d0-d21cc063b255,Emma Chan,2024-09-30,sense,276.46,PayPal
d974c5f2-0022-42a3-a75b-410f08dcdf71,Jason Becker,2024-01-02,message,343.47,Credit Card
3586b0d5-c827-4811-bd2d-6ecfcbf4561e,Douglas Hall,2024-01-16,wife,203.77,PayPal
e3a9a553-8f3e-4923-b96f-2ca75eb2f79a,Scott Austin,2024-06-06,response,486.35,PayPal
7b70a795-c637-4d13-a13c-cbcb14373e7a,April Duran,2024-08-30,policy,203.56,PayPal
00a0ad05-9b67-489f-ac63-67a031835214,Bryan Jackson,2024-04-13,them,265.25,Bank Transfer
8a889e2c-5a51-4e0f-b3c7-bf201a71577e,Cynthia Webster,2024-07-17,never,211.98,PayPal
542b3e05-090e-40d2-a98c-26640a0d7759,Nicholas Campbell,2024-03-11,bill,230.47,Credit Card
0c236848-97db-42c8-8bca-270362f951da,James Ferguson,2024-02-05,question,430.47,Credit Card
41f97922-625f-4ca3-9a22-3463d800a522,Amanda Johnson,2024-10-06,reality,82.76,PayPal
6fab3d23-7657-44d3-adcc-55a56996d5b4,Jesse Rogers III,2024-10-06,order,381.08,PayPal
541ff79b-e1b5-408b-927a-4b4b5dd6d033,Michael Porter,2024-01-05,authority,482.06,Credit Card
ec8cd783-83d3-4f01-91ab-f822930504af,Troy Moore,2024-06-09,can,492.52,Bank Transfer
7785087f-9044-4999-8017-b9761f13469d,Julia Perry,2024-04-14,institution,379.44,PayPal
684a3b3a-fafe-401c-9fd2-2d9301175b66,Connie Scott,2024-04-25,them,381.25,PayPal
584537f6-746e-41f9-a46b-5de12f548a74,Timothy Hernandez,2024-02-24,measure,120.99,PayPal
b79d3dce-7ee9-4b01-a722-32cdec4b2a53,Devin West,2024-10-01,grow,250.72,Bank Transfer
aef6010b-e92b-4056-823d-5feec1787049,Roy Davis,2024-02-12,behavior,24.99,PayPal
4ce1836f-0633-4835-a80d-f7537e45469a,Justin Jones,2024-03-18,movie,458.58,PayPal
7ea1c223-acf2-435d-a078-4dec1776fbf9,Michelle Rocha,2024-06-07,where,363.16,Credit Card
19436608-ed8f-4748-bcaf-5c146a8531d4,Christopher Kennedy,2024-10-05,first,221.96,Credit Card
1ae1be7a-0683-4fe1-b218-432b23cd905a,Alexander Mcguire,2024-02-23,mother,408.1,Bank Transfer
9bb558a5-2c16-4a03-b104-fc2481cb66aa,Emily Brown,2024-09-23,like,196.53,Bank Transfer
5a7ff9ea-c685-423e-8b7a-bf9b4521a61c,Jared Fisher,2024-04-16,arm,136.62,Credit Card
b91d1fb9-d786-454f-a138-ada9c178d1f5,Mr. Michael Norris,2024-03-10,health,99.01,Bank Transfer
e5f73077-51bc-45f8-896c-943ec091a563,Sara Vaughan,2024-10-29,north,493.96,Credit Card
50b04835-4c28-4a70-86cd-01572b5b6b84,Mary Cochran,2024-08-16,music,207.44,PayPal
eb7871b9-945f-4c8b-87a4-6d899df2e388,Matthew Hamilton,2024-06-13,energy,258.53,PayPal
0b2f7a25-9f44-4f9c-a5e2-2fb3ccd10576,Cheryl Smith,2024-09-13,amount,454.13,Credit Card
5d364784-144c-4c72-b1b4-fece0f15bfcd,Laura Rodriguez,2024-03-01,alone,185.29,Credit Card
6246501a-8adf-4a40-b107-534a31075d52,Marissa Patel,2024-06-26,nation,450.73,Credit Card
cb4582b8-98b6-424b-9fd2-55d940e9f25e,Matthew Rice,2024-10-20,simply,418.61,PayPal
29d61004-a2aa-4138-9de8-91ff0c74c1fb,Connie Ellis,2024-06-02,house,153.41,Credit Card
6931fef4-64fa-4e21-a30d-3d13ef50c55f,Melissa Morrow,2024-10-12,kind,67.97,Bank Transfer
3117e6da-976c-4e98-a99a-fee5e9f7a514,Rebecca Ali,2024-07-22,energy,476.23,Credit Card
a31d1478-eec3-453a-a808-bea1b4a0713c,Taylor Reeves,2024-01-14,image,111.49,PayPal
4e150a0b-adf7-4daa-a535-8f956a51a975,Monica Ford,2024-04-06,risk,295.84,Credit Card
3ff08cd6-f1ac-4a5a-9d15-3618d85b293e,Kathleen Castillo,2024-09-04,matter,407.5,Credit Card
b2deeb85-6cb1-408c-9a7a-71824c2cfa72,Antonio Brooks,2024-02-11,show,413.34,PayPal
e6ee2a93-60ae-43a5-a291-41ebada0b8ff,Kelly Davidson,2024-10-12,guy,133.89,PayPal
15465282-65e8-44ec-9fc3-798a04f9c5fc,Jeffrey Hatfield,2024-01-07,himself,384.2,Credit Card
9bc4f458-a79c-4b65-9f11-516f63a5539b,Beth Allen,2024-01-02,talk,359.08,Credit Card
0565d19e-9d42-4c84-bcb2-ced3b8bedfc0,Kimberly Smith,2024-08-11,resource,44.9,Bank Transfer
a2fe04fe-c01f-430a-a49c-b1a74894cdb3,Kendra Johnson,2024-09-26,president,91.76,Bank Transfer
fa338ca6-7c7c-4b3d-a315-781a86c933e4,Ashley Barrett,2024-01-12,mission,444.76,PayPal
dcfe6958-e5bb-430e-a6d8-11f2c5667045,Ashley Miller,2024-04-05,beyond,439.53,PayPal
05ba2fab-8c72-4c51-80c1-4b2c7a66f599,Rebecca Gray,2024-03-29,have,310.37,PayPal
f3927870-11eb-4389-93ad-b7b28514825e,Edgar Valencia,2024-08-11,yard,131.41,Credit Card
445cdefe-fb83-4143-a861-c3cfc8456a6e,Victor Brewer,2024-08-09,learn,92.76,Bank Transfer
ae7e2cb3-106f-4f67-9988-768412623e8b,Seth Medina,2024-02-14,sure,78.76,Credit Card
858c909e-5c3b-4dde-9a92-da15cbd4ec13,Jacqueline Armstrong,2024-10-23,yourself,182.43,PayPal
c9f7438f-88e3-48f9-804f-3a0c59a8dd54,Eric Baker,2024-07-27,quality,205.82,PayPal
8d5b1ea4-1854-4bdd-bb21-62a463c9286a,Vanessa Herrera,2024-05-23,factor,412.56,PayPal
647f2e05-b161-4434-a554-9c3b30e5af76,Kelly Lawrence,2024-08-09,man,461.15,PayPal
0f77b49c-859c-42d9-8eb5-3972c5456f78,Susan Hall,2024-02-28,purpose,118.51,PayPal
9b7ad9c6-d912-4617-b2af-8d06360533b3,Jennifer Curry,2024-05-03,describe,182.55,PayPal
522b561f-d8df-4a6a-9ab9-e72ab3427e45,William Ross,2024-05-20,series,418.62,Bank Transfer
92a7f0b1-a195-4483-a939-6d1a431f2095,Robin Zimmerman,2024-05-27,contain,15.41,PayPal
6dc7f8b0-23b7-4f5b-857f-a8a6cc338ffc,Renee Little,2024-10-04,painting,489.62,Credit Card
c9aa18d5-5665-4f80-87c8-9eed21e728ee,Gary Santiago MD,2024-06-01,writer,384.92,Bank Transfer
a34984ac-1032-4518-986c-290107e3c742,Catherine Jones,2024-11-03,others,222.83,PayPal
c3383ca3-3720-45f7-ba5f-4ec5948068f9,Logan Pearson,2024-05-02,change,110.81,Bank Transfer
7400f1a3-4cb1-45b0-bbdf-b2a28491f3a1,Donald Henry,2024-05-17,seem,224.69,PayPal
c09266aa-487d-4216-9641-2487f6919557,Ruth Willis,2024-09-19,truth,112.93,PayPal
4842e19a-cbb3-4fec-afea-80c8d56701d4,Daniel Brown,2024-07-26,defense,78.01,Credit Card
0a96c27e-abfb-4adf-bb83-eb41c4680d63,Linda Horton,2024-11-03,management,321.55,Bank Transfer
de880156-4497-4191-bea0-089e088ff6a7,Krista Sweeney,2024-07-02,woman,488.94,Bank Transfer
7b6ca4e5-46b5-4eb6-bc14-ab2adbad3b94,Terry Parker,2024-07-18,itself,483.63,PayPal
e60e52ba-8c1d-43eb-8942-3d9f5c8e55ed,Nicholas Scott,2024-02-24,figure,212.29,Bank Transfer
6578245b-64b3-4357-9d98-834c021afeb4,Taylor Shea,2024-05-09,despite,373.48,Credit Card
1419b2b3-33bd-43e7-bee2-e22bfeb68be0,Lisa Wilson,2024-10-25,gun,87.41,PayPal
6f11dea8-c3b2-4315-8ee2-8dd9775a930c,Larry Huber,2024-05-08,reveal,325.6,PayPal
f6f69449-cb49-4bdb-8d94-eb0c8ac8d4de,Jordan Rodriguez,2024-07-23,method,55.24,PayPal
33e31c43-6790-4b1e-866d-831bfbcd5217,Jordan Nicholson,2024-05-29,trouble,287.97,PayPal
47be924a-c353-45bd-8b35-08939de5cd4a,Jonathan Thompson,2024-10-12,gas,485.43,Credit Card
e7dfee69-3d9e-4528-bcda-0aa10bd66c51,Lisa Kim,2024-08-20,check,382.07,PayPal
e05492b0-f925-4980-97d5-99e62754d44c,Sean Scott,2024-09-07,ask,174.87,Bank Transfer
84b0c831-34db-4d1c-a855-0755b616b147,Dr. Sarah Williams,2024-04-04,always,381.08,Credit Card
346cd227-e7b6-4de4-854f-4ba2557ca767,Kristopher Thompson,2024-02-26,writer,472.4,Credit Card
1f5dcd05-5214-479c-90fd-5c536beddc33,Melanie Torres,2024-06-23,career,212.37,Credit Card
a6599dbf-56a3-49fb-b5de-fb6212f62207,Anne Wright,2024-05-22,probably,75.05,Credit Card
26d9faa0-7ebf-4117-a413-3047b14a3ec2,Austin Bauer,2024-07-18,player,111.89,PayPal
adc8a121-3f8d-4abc-9c21-9d8e3db7706c,Bonnie Bradley,2024-02-02,draw,81.87,PayPal
a53efd3b-65f4-4d1c-831a-fe5509b19f22,Gary Wang II,2024-06-25,hair,143.15,Bank Transfer
66bb7a15-59a8-4207-87c4-933b7c028b60,Brian Lamb,2024-03-01,management,442.65,Credit Card
187a312d-ad77-4148-9c85-1a2e684fe7c1,Jacob Johnson,2024-05-20,thank,266.25,PayPal
ff05b7e0-beac-4378-80e5-191e25e9cfd6,Nicholas Miller,2024-07-19,report,419.63,Bank Transfer
66de16c5-9a40-4cd5-aa57-dd0a74e4ac7a,Katherine Jordan,2024-10-24,value,109.79,PayPal
3df1bd6d-02a4-420d-8bb9-3d95d64645d5,Dawn Carpenter,2024-03-02,another,33.0,Credit Card
b31ac598-497c-4bda-a50e-d94028589b95,Catherine Taylor,2024-02-26,especially,222.37,Bank Transfer
42608853-471b-4cb5-86c7-6bccebbf17a1,Joe Fox,2024-04-02,short,304.58,Credit Card
ec83689c-a6a7-4a28-bd50-f02329aa6861,Beth Gray,2024-03-06,nature,46.66,Credit Card
f83db505-2963-4306-8ba8-a5cc1410ecc8,Lisa Blankenship,2024-03-03,carry,181.96,Bank Transfer
451f5edc-ef04-490f-be2a-b9daac12cb6f,Janice Wolf,2024-05-15,region,155.3,Credit Card
d65d616b-9fb3-4fbd-88b2-202d9bcefb03,Kari Lane,2024-06-09,safe,279.1,Bank Transfer
a1b4e671-62da-4da7-93e4-26649206d6d3,Richard Price,2024-11-03,travel,363.15,Credit Card
0f1607e5-f414-495b-985a-4010c0ce0cdd,Jennifer Vargas,2024-05-11,civil,187.99,Credit Card
5f94a603-1f54-4d62-b7b5-23ecb77507b1,Parker Nichols,2024-10-10,meet,440.25,Credit Card
b0703935-27f1-4a5f-a192-a798f00ad7c4,Virginia Flores,2024-05-14,professional,162.28,PayPal
ae2dae10-c4a0-4b13-aafd-908e360887b9,Jordan Robertson,2024-04-28,only,189.74,Bank Transfer
7e1f51aa-f208-4a28-8952-5a743899f00d,Margaret Walker,2024-08-29,owner,466.33,Credit Card
071d852a-7f46-4b55-a2ea-e5f7b8edc8b5,Cynthia Hartman,2024-04-26,development,302.98,Bank Transfer
44165222-6f84-45b3-87c5-30a5793aef95,Jamie Phillips,2024-09-28,indeed,474.66,Bank Transfer
0083e678-0be5-4bca-9db1-1c564de39e7b,Daniel Fisher,2024-02-13,leg,59.49,Bank Transfer
fabeec28-195f-4f45-9cf9-562a3f3eb318,Brooke Goodman,2024-02-05,provide,325.11,PayPal
6c32218f-77ac-4a41-9ac7-51bfa522da93,Amy Logan,2024-07-19,move,153.01,Bank Transfer
a4503f77-4c90-4780-8fad-ad26e1be1a24,Karen Moore,2024-01-28,open,237.09,Credit Card
c5a1ee88-efde-49a5-9586-61e0d612e1f5,Karen Lee MD,2024-01-14,quite,301.35,Bank Transfer
4e64c2ff-5f2b-43f9-826f-901466e95566,Michael Ortiz,2024-10-09,nor,386.48,PayPal
37ca87e0-d1c3-47c0-85a4-29bdc263de5e,Micheal Mcbride,2024-05-30,your,125.62,Bank Transfer
85529f9e-c4e9-4fd8-b50b-34c0f2e521f5,Lisa Steele,2024-10-24,hour,341.15,Bank Transfer
295b312c-d001-4176-bf70-ed6ca415e1c1,Sean Wells,2024-04-01,describe,60.09,Bank Transfer
634bd421-befd-4807-b879-b98998d0cbc0,Jennifer Wilson,2024-10-16,bank,242.51,Credit Card
d5463ab5-eb85-4a57-976b-00e2c9b89b84,Kelsey Morgan,2024-03-21,treat,490.82,PayPal
0c1abd29-6cff-4d9a-b926-6aab85651f6e,Lindsay Johnson,2024-05-13,participant,120.68,Credit Card
e7543eeb-9b58-4c57-b7b3-e584b5401667,Vanessa Shelton,2024-09-07,alone,226.16,Bank Transfer
42a18275-7b9b-4b52-9e62-c4853b0965ab,Matthew Myers,2024-02-14,road,14.5,PayPal
e5be3af8-3e8d-4b55-950d-edaaa16c5286,Christine Jackson,2024-08-12,magazine,270.2,PayPal
deaf6cf4-fd12-400d-8b69-7f2757fd4060,Jerome Roberson,2024-10-01,leader,316.73,Bank Transfer
a309f848-1e28-47c6-87f3-5366cc53907d,Brandon Pena,2024-03-10,issue,313.91,PayPal
53218646-2e67-4335-80a0-bff3a164f5b6,Gregory Wilson,2024-04-28,only,485.31,Credit Card
f9d1e42b-9d00-44f1-b8e4-f85515e118a0,Shirley Garcia,2024-01-30,job,195.05,Credit Card
bb4e0a68-6853-4820-b210-448442b66ce2,Kenneth Schmidt,2024-01-11,pick,170.73,PayPal
556a3597-c95d-472d-899b-f535d1001125,Catherine Scott,2024-04-24,computer,462.28,Credit Card
c8186102-1533-44ce-b8b8-9e902396155d,Jeffrey Lin,2024-03-13,kid,102.72,Bank Transfer
d34cf8c0-ae42-42b9-a349-548a9a8af2e9,Jason Summers,2024-06-18,decade,16.03,PayPal
2e79c5de-f2d3-4c99-b7d3-2c998fafc763,Kimberly Kaiser,2024-02-17,knowledge,29.55,Bank Transfer
acf8cb63-de6b-4142-91e2-6d95097239ef,Derrick Smith,2024-05-05,lawyer,319.96,Credit Card
a66c0e77-40b8-4ce2-8203-e210e8590b0f,Harold Roberts,2024-09-19,thousand,447.69,Credit Card
ea1fdf4f-5b43-4235-b819-5661a99497ce,Tyler Harvey,2024-01-05,teach,135.4,Credit Card
85e469c3-fc10-49d1-a80b-14cde2a96c1e,Melanie Jimenez,2024-09-23,consider,80.63,PayPal
9a6c4f16-1765-4c7e-8286-96bb96799782,Christine Orozco,2024-04-16,against,298.21,Bank Transfer
59171897-533b-4792-a98d-57267a307356,Joseph Tanner,2024-02-08,character,226.59,PayPal
6f75c43f-35ef-4282-9e41-5dbd3335b261,Alicia Hayes,2024-01-07,thousand,492.67,PayPal
6bd1f4ae-1a18-4a13-91ac-f37199097a7c,Phillip Malone,2024-09-14,war,215.15,Bank Transfer
8f8e354d-d289-40c5-a231-92a9b5395db0,Darrell Odonnell,2024-09-19,single,490.51,PayPal
3f844986-bf89-45fa-b19f-9dd92b85e93a,James Baker,2024-06-17,like,272.05,Credit Card
78b2c2e3-eae2-4d76-a528-121a6087389b,Cody Obrien,2024-06-29,chair,58.5,PayPal
d64750bf-c7ab-48b5-abe0-05fd2cc68a49,Grace Jackson,2024-09-09,lay,170.48,Bank Transfer
563273c0-5abf-48dc-8b90-dfe242fc96dd,Sabrina Smith,2024-10-16,around,405.59,PayPal
e01f3b81-de86-41c2-adc6-3450aa2c8307,Samantha Chambers,2024-10-20,religious,39.07,Bank Transfer
3f3b936e-8288-4d33-b273-9c06bbde4bda,Hayden Dyer,2024-03-12,necessary,348.94,Bank Transfer
55aaf5db-43d4-4617-8b54-234023aa2f55,Emily Jenkins,2024-08-16,space,402.97,Credit Card
269dedea-8a84-4b2a-8fb6-b39781337ba4,Matthew Johnson,2024-08-15,grow,285.56,PayPal
e1b5082f-5a1f-4fc4-9c11-f7cb43626061,Julie Fowler,2024-01-07,smile,467.89,Credit Card
76234977-d483-49b1-a7db-419d4f31953a,Toni Bauer,2024-01-14,here,468.72,Bank Transfer
198f6118-c530-43ba-b501-ed794cf3e828,Joshua Lee MD,2024-04-17,authority,165.42,Credit Card
cc80def8-cae4-49ce-bda8-08a11a3c41fa,Charlene Doyle,2024-03-26,vote,324.75,Bank Transfer
c136e276-71a1-4fde-9545-737025d42a1b,Jose Palmer,2024-08-01,including,269.37,Credit Card
4a0598b3-dbb4-48da-817f-551550022704,Jennifer Levy,2024-04-10,it,304.27,PayPal
18a7d698-9fc8-47ab-889d-44645176d717,Jessica Johnson,2024-04-12,game,17.96,Bank Transfer
b6389368-e4e7-46e3-a8bf-a85626aa7fd1,Suzanne Nguyen,2024-06-22,east,175.26,PayPal
91a08749-1626-4f01-9b59-de740367f2c3,Ashley Lyons,2024-03-01,keep,340.41,Credit Card
7aa0bc93-7d5b-4467-aae0-136d326e7073,Kathleen Young,2024-09-22,record,430.6,PayPal
a4302f88-ec80-4135-a7eb-02c0a1c47111,Steven Sanchez,2024-02-26,unit,286.11,Credit Card
3797aae2-a50e-4547-8679-3dd81e85d3aa,Michael Becker,2024-06-19,foot,242.35,PayPal
646f9108-23c9-4516-8741-c416c188b84d,Dawn Solis,2024-08-09,although,55.26,Bank Transfer
fd19ffc4-4648-46f2-86d5-77554ace80cf,Tammy Hamilton,2024-02-03,hold,420.17,Bank Transfer
9f7cbe57-b2f2-48f1-8342-e54c2c5eaad0,Karla Waters,2024-05-19,scientist,348.07,PayPal
06cd7557-9605-48b7-a7b0-c3380ae0f4df,Joshua Freeman,2024-07-14,sound,239.68,PayPal
20902173-ae03-4c88-989a-05eeb579d4f0,Kristi Jensen,2024-05-04,Republican,484.41,Credit Card
77c2dd0a-5e4c-4c44-9048-2299ea354c3b,James Escobar,2024-06-05,toward,260.14,Bank Transfer
5ca8758c-33fa-4849-ba32-85148a1aca22,Andrew Anthony,2024-10-04,event,353.31,Credit Card
40dea050-6a84-489c-93c7-5e70ad7b0391,Luis Lewis,2024-01-25,family,455.97,Credit Card
c9848309-c2ec-49e3-a8e0-599dc78290ae,Katherine Reyes,2024-08-04,amount,134.38,Credit Card
a44867b5-a8ee-467a-91b6-5bae47d90256,Deborah Stevens,2024-09-11,religious,80.17,Credit Card
a5c025a5-7f97-45fb-99d2-4e54a9ecd23d,Cody Bennett,2024-10-28,wish,487.04,Bank Transfer
e2717523-e017-4cb7-81bc-78bce1522497,Melissa Fernandez,2024-02-14,painting,284.99,PayPal
be27a150-0ec8-4b17-a3e9-953d6beec3ae,Alexandra Foley,2024-10-02,million,365.59,Credit Card
490c2421-5288-4c1c-9698-af3bdba658bb,Stephen Reed,2024-01-31,Mr,454.26,Bank Transfer
9410ae0e-4fd7-4521-aaf8-290bf72ff8c6,Stephanie Moreno,2024-04-19,cold,486.95,PayPal
2898bdbe-f9ed-46e2-93f0-bc0c02e1e9a7,Sean Brown,2024-01-12,discuss,349.88,Bank Transfer
0b3d8466-b475-46a8-b0ff-432cb996f2a0,Andrew Best,2024-05-03,avoid,365.88,PayPal
8dbd327d-43ed-4c92-875e-cd5b34d41888,Dr. Olivia Walker,2024-08-17,business,87.97,Bank Transfer
6c246a72-664d-4d6a-a3ec-66d7b5fb9da9,Nathan Peters,2024-11-03,meeting,164.35,Bank Transfer
aa606b83-7c9b-437a-a6a1-58d75e3f758b,Michael Rodriguez,2024-07-21,off,158.86,Bank Transfer
09c1e2d7-e644-4509-8fbd-e0503a646004,Patricia Hoover,2024-02-20,project,416.12,Bank Transfer
78cebbf8-ab9e-4d19-bc81-06d6cb6a2c9c,Candace Preston,2024-01-19,certainly,258.42,Credit Card
2d718307-ca80-4fab-b35b-66d6ef2a0ccf,William Elliott,2024-02-21,behavior,42.9,Bank Transfer
d92ef43b-5e82-4739-a35e-ac9575744fa3,Sharon Hill,2024-06-18,move,333.51,PayPal
dbc68fa8-22ad-437f-b7a2-b8dfe058cf94,Colin Rowe,2024-02-14,whom,89.93,Credit Card
bdc2fcd4-0b87-472e-806d-06c9d145e3e8,Courtney Rogers MD,2024-01-12,key,63.58,Credit Card
d46038aa-e5b9-4cef-b9a2-b6728730284b,Joseph Brown,2024-09-01,particularly,338.13,PayPal
72e8b330-b4b0-4e66-bae0-247ef9fe0e14,Philip Campbell,2024-10-22,go,228.86,Credit Card
bb82e1d6-4b99-4ebd-bbdb-a9b8f806b649,Scott Kerr,2024-07-22,score,32.02,PayPal
00dd78eb-9f65-4b84-82bf-269aa2fbf9da,Sonia Delacruz,2024-01-30,feel,53.11,PayPal
c864a462-fdc5-49c6-ad1d-51e25926b1a1,Laura Edwards,2024-11-06,fund,79.06,PayPal
af056ccd-a9a0-4fd1-8f1a-1d8baa1c23af,Juan Mcgrath,2024-08-07,thought,286.67,PayPal
1529049c-b1a3-4834-8b6f-3eccc5fa808c,Jerry Morris,2024-08-07,society,339.69,PayPal
efe6a477-7b78-4bf1-957a-2d3cfe30f299,Breanna Jenkins,2024-06-20,his,275.37,PayPal
1ee4973a-1088-4f10-a810-a228ceadd28c,Bernard Medina,2024-01-27,claim,422.68,PayPal
8e4fd8c2-bc5e-49ed-a715-39bf351a45ca,Stephen Burns,2024-06-10,myself,395.04,Credit Card
c53e1985-0454-41c4-8062-7def5180f36a,John Barry,2024-02-14,rise,357.43,PayPal
2bb582ba-0ccd-4277-9883-24d787b85926,Timothy Roman,2024-04-07,write,448.74,PayPal
f60a8af9-5170-4b0c-b3f1-3fd50dd4ec5c,Hannah Berry,2024-08-02,partner,17.05,Bank Transfer
d1d63d81-7ba6-41c5-aa04-17aa8a5e07e9,Christopher Smith,2024-06-27,nice,271.73,Credit Card
e36f5f6f-fc05-4d83-b25f-8e1df6a5a0be,Eduardo Barker,2024-08-13,certainly,239.52,Bank Transfer
d147f6b7-b752-4325-991c-c5fe831188de,Kevin Kennedy,2024-04-16,yard,255.87,Credit Card
93ad542f-fb2c-4a45-b22e-29bca4378975,Mary Avila,2024-07-30,throughout,119.55,Credit Card
652d66bf-2f57-4b61-a9f3-3bcc10574ad2,Douglas Morris,2024-02-27,degree,444.26,Credit Card
8e7bbe34-0227-4b2a-b888-7295f931ed03,James Mullins,2024-05-10,leg,382.85,Credit Card
8e8e3ab2-79c6-4ac9-8807-1619136a96f2,Lisa Owens,2024-08-23,study,162.81,Bank Transfer
6ded3d5b-9dd3-4ae1-9273-9820bb16cc9b,Haley Walker,2024-11-02,peace,422.59,PayPal
194c4987-77de-4a42-96c1-c56aa72df592,Christina Diaz,2024-05-15,stage,283.58,PayPal
157d1021-9b59-4732-bc5a-0f87d906d0e1,John Hardin,2024-07-03,animal,363.21,PayPal
844a6e88-68f5-47c0-8ac0-9712ca7f5d10,Derrick Hernandez,2024-11-09,officer,275.09,Credit Card
513dc226-57bf-4fb3-8849-6983990c1255,Diana Dodson,2024-02-26,civil,429.14,PayPal
090f4971-92e5-4533-8388-ac9600480bf8,Catherine Stevens MD,2024-03-22,down,141.11,PayPal
867c62e0-7e00-49a7-bf77-8bb9c74dcda3,Sarah Brown,2024-11-01,north,254.74,PayPal
76652644-935b-4798-bb93-e836abb5e828,Michael Morton,2024-04-27,wind,46.99,PayPal
68e71026-8b07-4930-9f0f-a1c7805bd468,Daniel Patel,2024-01-24,meeting,111.42,Credit Card
fe528bc2-6c34-479a-8b9e-9ea5ea5832d3,Maria Holland,2024-10-13,test,447.05,Credit Card
6c8726d3-f144-4b46-986e-0581aca8e4df,Jeffrey Sandoval,2024-06-05,other,94.44,PayPal
a34ad007-5df1-45fa-b412-0d5367bcfd83,Beth Schmidt,2024-02-29,never,276.9,Credit Card
be1c8130-04a3-4473-b5b6-1e438d23262c,Dennis Sherman,2024-04-09,pattern,313.16,PayPal
350a022e-e462-47d4-9452-058ab318e6ad,Brittany Hill,2024-09-30,prepare,159.66,Bank Transfer
8a9bff9b-ffa8-4bcc-85d6-aaa0091f91e6,Kimberly Rios,2024-09-24,college,70.26,Credit Card
3924409b-b4b8-4ecb-8e6f-0c88a0495469,Adrian Clark,2024-08-14,century,211.01,PayPal
aedbbd84-a67a-497e-bb53-2c1b56bf1239,Sarah Saunders,2024-04-19,American,221.23,Bank Transfer
da6e555f-e8d9-4319-bfcc-5ef84384ea3d,Taylor Williams,2024-02-12,manager,187.42,Credit Card
53126cbb-94ae-4a46-b568-8c828a562394,Nathan Garcia,2024-10-23,picture,359.1,PayPal
5f8a35fd-c4ad-4c83-9ce9-9965b7f27aa6,Eric Williamson,2024-07-21,number,188.18,PayPal
42971559-1d96-49e9-bc4f-1dd380dad0ac,Cristina Avery,2024-04-04,save,31.79,Bank Transfer
7166bb49-11de-47cc-bda1-ecccd9b34bc1,Kaylee Cuevas,2024-10-28,challenge,259.65,Bank Transfer
10c7a99f-5409-4267-87a3-7d7025d8dc23,Larry Bailey,2024-01-05,open,243.65,PayPal
7fd0021e-841b-430c-84b9-4c5950350864,Christopher Hill,2024-06-10,bed,198.13,Bank Transfer
a468eec6-b920-482b-8ddb-798e9feffa65,Justin Medina,2024-07-22,purpose,380.03,PayPal
3b634447-d8ff-49a7-a776-ec1640bc8ffb,Kevin Butler,2024-04-25,now,93.26,PayPal
8a6b8a67-fbbb-4457-a30d-613003a9c4e4,Jodi Rice,2024-06-11,say,84.74,Credit Card
856f4819-dedf-476d-90ef-8e896fa4e2fb,Tommy Flores,2024-05-06,check,345.76,PayPal
11d3a0eb-289a-45f0-83ee-7186026e7694,Tina Joseph,2024-01-05,close,410.71,Credit Card
3ab2c01d-a303-44de-ac17-67767283911a,Mary Parsons,2024-07-19,short,462.95,Credit Card
b0626b0b-b317-4526-900c-889fd1c7d2ae,Russell Bradley,2024-08-22,foreign,322.95,Credit Card
5dcd9ffe-5ed0-4722-87ac-46552a411f85,Mrs. Jessica Blanchard,2024-10-07,major,133.88,Credit Card
cf10277d-73a1-4411-941d-dbb43315ebcf,Daniel Mitchell,2024-01-28,type,180.8,Bank Transfer
7bd4f799-92be-4f84-8757-abbb7aa59c92,Jeffrey Jenkins,2024-09-06,partner,233.61,Bank Transfer
cf02d2c3-9f19-408d-b33f-ad4701c47ba0,William Nguyen,2024-05-13,accept,181.94,Bank Transfer
60984d55-fa31-40e5-8f1e-4120dd3bddea,Jason Burns,2024-02-24,mouth,346.55,Bank Transfer
bb280105-ec1d-4088-a4ad-e1cb17cbd77d,Jason Dougherty,2024-06-15,own,436.77,Bank Transfer
439755c0-aa3b-4430-8716-872fb24d03f5,Richard Gibson,2024-05-02,opportunity,490.28,Credit Card
a9adef25-49fb-40e1-b211-8bc4342880a9,Denise Whitaker,2024-03-28,through,110.53,PayPal
cbef284c-9f0d-4d0f-becd-4f6ee0213d36,Brian Montes,2024-07-15,answer,126.19,Bank Transfer
de842fbc-6cca-4a87-8073-d7604bf57a1f,Micheal Schneider,2024-01-01,consumer,14.51,Bank Transfer
ac779192-b4e5-450c-a454-ea0be477c551,Karen Robinson,2024-02-01,especially,434.55,PayPal
2f778d06-5b53-402d-88f8-637c31d49d35,Amanda Shelton,2024-02-10,meeting,228.8,PayPal
f6a2e8a0-1906-4442-9d5f-8dcb36d69439,Hannah Stephens,2024-08-05,modern,195.2,Credit Card
5b43349e-926a-4229-b449-d27694856e5a,George Reyes,2024-08-15,more,240.55,PayPal
095374f2-5a60-49c8-983a-38d9aa926c2d,Carrie Fuentes,2024-07-08,exactly,227.19,PayPal
ac6e8765-554a-47ea-9bbb-38583ba0117a,Lance Munoz,2024-03-04,agree,377.06,Credit Card
ec3244ed-034e-461b-8c4d-551b8197a7f2,Jon Edwards,2024-08-20,marriage,49.83,PayPal
079f7330-e67a-4021-b806-78ead10dd7a7,Felicia Smith,2024-02-01,of,179.67,Credit Card
94d5918c-07ec-4b70-a4f2-990ae086c830,Amanda Craig,2024-06-07,movement,355.43,PayPal
e621f7e4-e43e-4cce-ab5d-8a8005585f8c,Lindsey Lee,2024-06-30,face,399.13,Credit Card
c2e8b88e-c30b-43cc-be19-58c46c707cc9,Jeff Davila,2024-04-15,some,385.32,Credit Card
0791e068-d3e7-4125-9be0-5cbf89939106,Daniel Stewart,2024-09-16,exist,84.22,Credit Card
e6ce25dc-cec9-417f-85f4-b4d9621bfd8d,Christine Velazquez,2024-05-17,fall,346.46,Bank Transfer
523de92b-82fe-429d-a379-26b6d69b6fe9,Heather May,2024-07-09,small,381.73,PayPal
a058f72e-01ec-4806-ade2-6087ee75ba58,Marie Love,2024-06-28,voice,294.3,Credit Card
3dbdfe43-f365-421c-8b61-7f7c590ed772,Brooke Cisneros,2024-06-22,or,104.41,Credit Card
f2f9b130-ea3e-40b1-90b8-69c83fc8968e,Mark Clayton DVM,2024-03-04,but,366.51,Credit Card
003df9f0-7060-4d6e-83f1-3579cb766a73,Crystal Villegas,2024-05-25,safe,172.89,Bank Transfer
f6f77949-f8be-4343-a28f-8981eb3f5235,Matthew Wallace,2024-06-07,see,13.53,Bank Transfer
faf3c674-cf4c-4446-bd9f-2887bb635a3d,William Brown,2024-04-02,whatever,76.42,Credit Card
2e2ccda2-c01f-4126-a7d0-498b4e7dffda,Mrs. Jamie Burns,2024-08-14,store,349.96,Credit Card
67a638fb-fa6c-45e7-a7e6-5058d729a581,Wendy Terry,2024-06-23,color,266.79,Credit Card
4c5b8c6a-bf9f-4f8e-b572-9a76d93903b9,Matthew Joseph,2024-06-29,side,217.98,Credit Card
c8f705b2-fcf8-47f8-a10a-8278d2d9721b,Maria Haney,2024-05-26,discussion,337.98,Credit Card
772c0fdc-b443-438b-8ad9-b4cde750e87e,Tara Smith,2024-01-26,interest,88.48,PayPal
d86f28c6-4684-4634-8245-f1ddd80784e4,Eugene Horn,2024-05-11,floor,381.25,Bank Transfer
7d808dc1-c82f-4898-8fb0-757d9cb26c7d,David Clark,2024-10-02,help,416.19,Credit Card
f81594ee-fad1-4202-98db-65b19e6cd4ae,Robert Mcdaniel,2024-05-09,visit,69.75,Bank Transfer
7b50e0b2-6761-42a2-929b-f4fc306028dc,Jessica Jensen,2024-01-16,difficult,25.1,Bank Transfer
07ceabe8-0816-407e-bf0d-36ad124208b0,Shannon Smith,2024-07-24,expect,305.38,Credit Card
909a8784-0a27-4910-8a14-d4f0231f40b5,Cindy Moore,2024-01-25,say,439.75,PayPal
ba11cb56-2bc2-47be-ac53-3e144da137f8,Jessica Conner,2024-04-15,class,128.94,PayPal
eb10286f-1bc9-45f2-a480-36f8ffaef674,Melinda Black,2024-09-02,if,293.41,Credit Card
87ca413c-0b31-4745-bd5b-de286766eaf3,Alexander Dunn,2024-10-20,address,446.53,Bank Transfer
ca16c330-34fc-4083-87b8-3af8cc89798d,Andrew Sloan,2024-11-08,knowledge,230.97,Credit Card
5f7da0cc-6d04-4716-9678-ce7d4b3e7f04,Sarah Benson,2024-09-22,national,118.11,Bank Transfer
f15ad73d-42df-449c-8635-54eeacf31ee9,Terry Gross,2024-10-16,scene,324.05,Credit Card
ed6bf80e-ad13-44be-84f3-ba52ca0189cd,Jeffrey Serrano,2024-07-16,can,426.99,PayPal
bb09021a-16fd-4e3a-9e02-e79558f7a8d6,Kristen Conner,2024-01-07,hand,28.91,PayPal
3fc859d0-af6e-4973-9270-8a8bdd5ee985,Amanda Hobbs,2024-04-29,beautiful,328.89,Credit Card
dfe6e6c6-cc95-4109-9ddf-44b33197dc7a,Elizabeth Garcia,2024-10-16,base,430.92,Credit Card
0b43bf9c-b75f-432d-9edd-8ee971bb67a5,Deborah Dixon,2024-04-22,view,58.9,Credit Card
01f0af4b-97b7-477d-a560-f926b662e80c,Tammy Davis,2024-10-20,southern,294.45,Bank Transfer
ed96bfd3-e722-4f95-804b-27e727d7d353,Sandra Thomas,2024-09-13,I,466.52,Credit Card
a28cb41d-dddd-49ed-b70e-5a0e93cc15cb,Stephen Olsen,2024-09-23,begin,392.12,PayPal
4a7bf657-99ca-43c3-a486-2f1ff3c01aad,Regina Malone,2024-03-08,go,190.7,Bank Transfer
01322c69-2084-40c0-9f95-b931ae81e01f,Barbara Wade,2024-07-16,next,138.5,Bank Transfer
87bca1c7-f7b7-46d1-ab5b-94c161f3bda5,Samantha Alexander,2024-05-15,beyond,271.92,Credit Card
94cc0636-c926-49ed-a6ef-2b17f87e7b23,Lauren Robinson,2024-08-02,people,207.83,Bank Transfer
647277bb-b8b4-468c-a795-81e9cc8735fe,Molly Anderson MD,2024-06-25,wish,189.27,Bank Transfer
6aa1397b-1c2c-48b9-a803-a5736815eb9a,Cameron King,2024-06-08,six,250.46,Bank Transfer
d7be805e-bb86-4f7d-b49b-d33243dfefad,Jerry Hernandez,2024-08-31,north,313.44,PayPal
d926c434-855e-49f2-9486-7613b1a65417,Ronald Carpenter,2024-10-08,two,360.97,Bank Transfer
f4e29764-8570-4d91-9b2d-07373b320288,Raymond Salazar,2024-02-04,firm,63.09,Credit Card
3adad8b2-c5ea-4074-b226-2dcb6f69d502,Christine Potts,2024-02-21,reach,345.81,PayPal
208d29f7-1160-4f12-b08a-69a93e8ba76d,Kerry Harris,2024-03-12,doctor,128.66,PayPal
b50fa767-71f0-45f5-9406-db40064ee973,Maria Davis,2024-09-18,check,171.3,Credit Card
c19f3dba-fabb-4761-9c71-630421b02b4f,Amy Gordon,2024-02-16,the,126.22,Credit Card
32c6538a-da23-4689-bfda-fdc671cc21c6,Sonya Elliott,2024-02-03,marriage,242.54,Credit Card
348bde5d-5e8d-45f0-bf71-a3a4d99f905b,Alicia Acevedo,2024-08-19,discuss,380.26,PayPal
31efcbe1-837f-4c69-92ab-e6ab30936fe5,Amanda Livingston,2024-02-01,thus,124.04,PayPal
114bfd51-b25f-4e60-b081-59b7638eaf9a,Stephen Cole,2024-02-28,reach,319.78,Credit Card
a90652c4-1720-4bf0-a332-f40326430780,Beth Mitchell,2024-05-09,race,252.45,Bank Transfer
154cf560-e8ed-4d46-a5eb-7691f0fb4fc4,Brandy Webb,2024-05-19,five,60.14,Credit Card
546e4096-912d-4564-a62e-d098707a9d3c,Alicia Roman,2024-09-30,under,362.0,Bank Transfer
f4000524-07c0-4437-9911-9e822bbe5156,Cody Payne,2024-01-23,religious,361.86,PayPal
466dd05b-77c3-4b17-91a0-cf14895fc6dc,Jacob Williams,2024-06-11,nice,128.18,PayPal
c9aae696-0136-4e8d-b4a1-7ac555547444,Jack Johnson,2024-01-30,might,407.92,Credit Card
37bef4be-1d42-4118-953b-1f88114a151d,Cynthia Ayala,2024-06-12,exactly,63.6,Bank Transfer
7012bb49-cbb0-4092-8739-339e0e4134ff,Thomas Collins,2024-02-03,meet,198.23,Credit Card
a54ab24e-508c-47ff-8c74-0a69442f7f19,April Ferguson,2024-11-05,himself,385.95,PayPal
69858705-854c-4a44-a32a-020368634cc4,Julie Snyder,2024-03-29,enjoy,172.53,Bank Transfer
202f945a-2d46-401e-8dbe-534aaf05bdbc,Matthew Miles,2024-01-24,like,137.5,Bank Transfer
30fff6ae-72b9-4837-9561-f60c6260ad3b,Brandon Callahan,2024-05-21,and,78.17,PayPal
53a67532-4a0c-4ef9-bfb9-744e06bc3de2,Alyssa Anderson,2024-01-26,recent,406.56,PayPal
1f9555e5-34d8-43d3-8367-ab913c628fc1,Ryan Cummings,2024-10-31,suggest,332.59,Credit Card
88f1b6e3-e875-4147-8ebf-42a327c69681,Christopher Perez,2024-10-19,big,89.04,Credit Card
30fce634-c106-4d4f-8eb3-6aab375de4da,Charles Anderson,2024-05-04,catch,145.58,Bank Transfer
8700bb93-18b0-48b6-8df3-a0176489e65e,Amanda Villa,2024-07-16,letter,27.24,Bank Transfer
f6b5c9f6-a058-4df4-98dd-cc02d34dd8d1,Christina Larsen,2024-09-08,say,128.6,PayPal
c01d88f2-0484-4ed1-aa64-f3820a745657,Anna Hopkins,2024-03-04,contain,362.04,Credit Card
c25fbf5f-298b-4e4c-a452-49e9b08e73ef,Mark Wells,2024-05-29,yard,314.23,PayPal
4e2cd175-c287-467c-a781-b42bcfacaf60,Brittany Nolan,2024-03-23,center,286.17,PayPal
2a755dc5-d2b5-427d-95d3-b590d1bcf704,Hailey Williams,2024-05-29,blood,190.95,PayPal
88b7c0d9-1d97-4601-aa0a-b1106ac0412d,Scott Sellers,2024-03-20,local,409.75,PayPal
d9766a40-94da-4589-ab42-98201bd71ee3,Barbara Smith,2024-07-01,oil,430.55,Credit Card
0d321cc6-b9f6-430e-9ba8-a10c883c5547,Michele Figueroa,2024-01-29,somebody,161.3,Bank Transfer
58eb7b23-e3c5-43c6-9bc0-30baf280b75e,Alyssa Dunlap,2024-05-20,miss,464.77,Credit Card
7c00df58-6b39-490f-b9e5-f787ff8b6854,Kevin Reed,2024-07-10,very,308.16,Bank Transfer
da5d19b1-2938-43aa-ba4f-665e1c25281e,Dr. Sarah Barnes,2024-04-03,animal,173.61,Credit Card
bd0b4c3c-8aae-4e02-a00a-9499c42bffb9,Victoria Collins,2024-11-04,trial,306.46,Bank Transfer
57d5e670-d195-4736-95f4-43559b4cb267,Kenneth Trevino,2024-03-29,adult,162.66,Credit Card
4ee04489-e63a-4541-bf16-90a0a5459d20,Daniel Logan,2024-03-06,hit,442.52,PayPal
e1c93deb-bb57-44db-aa35-f984e1943058,Kim Alvarado,2024-07-12,onto,350.34,Bank Transfer
0ea8f4fc-6c66-45c7-a73d-5b8b9fa05bed,Tracy Gilbert,2024-06-28,building,293.71,Credit Card
fcb35360-967b-4935-ad75-b6467b04b892,Scott Harrell,2024-06-19,after,330.76,Bank Transfer
5cc434af-16fd-40f9-a0d8-f35158bac166,Charles Davis,2024-02-20,possible,102.69,Bank Transfer
0908a2dc-291f-40e8-ac98-096d677d0036,Yolanda Franklin,2024-04-07,or,105.32,Bank Transfer
32c034ef-23ff-4a81-adef-f084341d45ad,Jose Allen,2024-04-13,city,71.66,PayPal
b1447ee9-fef6-402b-86ea-0e5413055eec,Ms. Breanna Elliott DVM,2024-03-19,place,366.42,Credit Card
23db9ccb-f017-484f-bff2-5cb217ed11c6,Micheal Collins,2024-09-19,girl,38.16,Credit Card
9c9549b4-b90c-492a-8eb9-20dc0c8ec5be,Amanda Williams,2024-06-09,person,320.21,Bank Transfer
b14508aa-0d03-4e10-98e6-37461f0cf5ea,Jeffrey Coleman,2024-05-01,must,11.78,Bank Transfer
ff3bb807-7995-4f52-a1fc-86a8e6e31876,Hannah Ramsey,2024-09-12,begin,481.6,Bank Transfer
747dc1fa-5c83-4d05-8a4a-85c63d2e1a12,Richard Walton,2024-03-27,program,104.46,PayPal
a5bf0650-c282-4568-91e8-52970f62b13c,Richard Payne,2024-10-26,leader,213.88,Credit Card
2057cd9e-01a4-4458-a9af-dd116f624da7,Diana Daniels,2024-06-14,all,344.39,PayPal
69e00348-2721-49f5-8a93-e13992b4366b,Anna Johnson,2024-04-08,relationship,186.45,Bank Transfer
9896845e-cdb1-474c-9aae-348922b2adef,Katherine Espinoza,2024-05-27,language,443.4,Bank Transfer
0b02dab0-507f-4e34-ad3b-481d557f718d,Suzanne Parsons,2024-06-24,occur,182.71,Credit Card
7f0a8a93-752f-4342-a857-f50900300924,Jamie Hawkins,2024-06-22,seem,102.58,Credit Card
3a6d1190-ba4a-4c5d-81fd-85c3ddf07fb2,Priscilla Davidson,2024-08-28,able,224.76,PayPal
650c624b-4b5e-4718-b3b7-2daf395fb3eb,Wendy Wagner,2024-07-10,agreement,332.96,Credit Card
bc71d171-b93b-4b97-ba1f-149fc69c8f51,Michael Davidson,2024-01-15,language,244.06,PayPal
ab30e92e-6e52-458d-829f-d34c5b338cba,Miranda Moran,2024-09-06,surface,474.46,PayPal
9f3a771f-9112-4ef8-9e25-9cf84177792b,Andrew Martin,2024-11-06,tax,96.8,PayPal
cabd4bcb-9700-4241-bdf5-6fa2e3ff8294,Eric Joseph,2024-05-09,stand,482.54,Bank Transfer
eb445f03-6f4e-45e9-9f4c-370a9782db65,Ronald Grant,2024-04-10,treat,304.76,PayPal
c0ca3746-ee98-4e2d-9b7f-8254531fea95,Maria Stanley MD,2024-09-25,just,129.54,Credit Card
8cebe79a-2354-4a0c-acb4-16a7218907f7,Jorge Hernandez,2024-09-24,pretty,195.04,Credit Card
71c6d059-2d19-4e9a-a2d1-82bd9d087647,Anthony West,2024-09-20,everything,399.64,PayPal
303a9dc6-0ff0-402c-a56a-bfbc0d930ce4,Dr. Emily Crawford MD,2024-03-04,article,388.27,Bank Transfer
7d6d9964-cdf5-4887-87f9-dab724403a91,Zachary Jones,2024-07-21,relationship,63.29,Credit Card
d3fdfb92-16e0-40a4-be61-11648227654e,Shelby Henry,2024-08-05,happy,441.55,PayPal
806bb9a6-1ede-4dc4-9601-1b5e5ca64560,Joshua Moore,2024-11-06,significant,364.4,PayPal
5260cf0a-1b97-4108-a3a7-a3beda5ee423,Kristine Joyce,2024-10-17,wrong,470.47,Credit Card
daabf57e-f013-4c5e-b7e5-5bb976a38ffb,Brian Horton,2024-11-08,fine,499.84,Bank Transfer
359c8c45-9363-4129-a69c-3bbf1f6a1417,Emma Warren,2024-09-08,improve,483.76,Credit Card
0e477e37-254e-480b-bcf6-42f6281c1c2f,Malik Lopez,2024-03-11,best,125.91,Bank Transfer
f6c0cf0e-3e98-4447-acaa-5104b5540b25,Ray Collins,2024-08-31,field,76.22,PayPal
7bc0ca78-31ca-4b8a-9267-f7f36cb569e7,Brenda Hahn,2024-08-28,size,153.59,Bank Transfer
1079decf-0d38-4ce5-ac44-e1b31a6cf463,Dustin Moore,2024-08-26,summer,114.67,PayPal
8899acf0-6c0d-4169-af18-fdcf9c5bc7eb,Brian Hickman,2024-10-30,although,137.61,Credit Card
bed63994-099a-4ad7-bee7-805c57f9c431,Christopher Villarreal,2024-10-05,eat,282.56,Bank Transfer
1520671f-c074-4335-bb7b-c0eb969de35d,Jennifer Walker,2024-01-08,hard,235.52,PayPal
a1f65b25-2d24-4f62-865d-c12ab2a0c1e8,Amy Singh,2024-06-19,home,331.65,Bank Transfer
fdd1fced-d636-4fea-8f8a-ac5cbaea03f4,Daniel Smith,2024-05-10,ahead,421.09,PayPal
9a8d236e-4254-4f40-a471-5e3dc5b2034b,Aaron Evans,2024-10-09,town,475.48,Credit Card
1f1f5f7c-c520-4992-a05b-b2bde384a89e,Ashley Pham PhD,2024-07-29,Mr,478.11,Credit Card
e364298c-e2e9-406b-b9e9-e2a38580942b,Francisco Green,2024-01-11,level,164.53,Credit Card
3ed540bd-7b20-4270-bee4-b701b83c2175,Matthew Jackson,2024-10-08,city,372.86,PayPal
2e00b753-ecf6-4c49-b5fa-4c0a051a1a98,Scott Wilson,2024-08-06,service,160.4,Credit Card
671ca6e5-250d-4c10-88d4-f1cd9cb74084,Kelsey Powers,2024-09-19,leg,103.55,PayPal
d613a33b-ac1e-441a-97fc-aaf9eb63479a,John Adams,2024-08-24,task,237.17,Credit Card
cf354db1-0362-4af3-ac4f-6564baa9ee84,Tara Diaz,2024-07-19,coach,272.28,Bank Transfer
0bcd4ab9-f2fa-404d-ae8b-9f4faaa449f6,Shannon Sandoval,2024-07-01,receive,351.55,Credit Card
127f1f04-d065-4f01-8e8c-e1d3b997b27b,Virginia English,2024-02-25,tough,404.71,Credit Card
57180972-1017-4738-af6f-fcaced0c9ce0,Faith Kramer,2024-01-13,simple,33.51,Bank Transfer
14de70bb-49e3-4aaf-8c8a-09f5e59f9a04,Anne Williams,2024-03-20,job,245.43,Bank Transfer
ead12606-c63b-4a19-a4fa-b6b9cc9fdc78,Melissa Valdez,2024-05-04,tend,309.61,PayPal
9b98d582-6c71-4e42-9ae8-55a92a4e4e48,Joy Ochoa,2024-05-19,to,12.88,Credit Card
01546758-5637-4f79-b3cd-964a6e0ac9ce,Tyler Williams,2024-08-04,ever,187.69,Credit Card
11dbf52e-d551-46b6-b861-cd22e75cea9e,Edward Hughes,2024-09-29,serve,17.23,PayPal
fd398d00-c0bd-40b5-9bf6-b451fe535df4,Sue Smith,2024-01-24,country,106.13,PayPal
2e5dbda6-df7e-445c-a613-7faad2aa0722,Steven Flowers,2024-03-08,add,483.72,PayPal
480f0eec-43c9-4ac5-acfa-1a823ae917d4,Cynthia White,2024-02-04,item,207.16,Credit Card
b6666982-d35a-4389-a365-4f12b2acf0e7,Kimberly Malone,2024-06-11,walk,204.56,Bank Transfer
9bf411c3-4a5d-471a-8f67-8ba2ded0756e,Rachel Torres,2024-03-30,important,252.76,PayPal
bf59cac8-2e90-4acb-b27d-0d79b53f0947,Crystal King,2024-02-22,return,295.53,Credit Card
1187c582-586f-4ce8-9112-20345ebf95fd,Joanne Sanchez,2024-03-01,admit,47.93,PayPal
cc727577-cca2-4925-8b89-77a7d05d6e21,Leroy Munoz,2024-06-22,in,178.66,Credit Card
a149e0fa-a8f0-4157-8428-b3c6f1bf5a82,Shirley Contreras,2024-03-31,wife,461.31,Credit Card
3a38d777-2024-4c55-b9f1-8a1eef865618,Lori Tucker,2024-05-21,just,389.27,Credit Card
9b9af522-51ed-47b5-8bbd-885bce56270e,Robert Hammond,2024-04-25,who,422.91,Credit Card
c56e0355-eb8b-4b41-9137-0bd3ad866bc8,Amy Gutierrez,2024-01-13,build,230.05,Bank Transfer
10383f9e-695e-4b6b-9fd7-c6fb3f3efe80,Taylor Watson,2024-08-07,sign,405.29,Credit Card
832fc024-3f92-4cb8-b0d9-7aada1251a6c,Brandon Walsh,2024-03-14,material,429.72,Bank Transfer
fdf20d35-d503-4b49-83c3-26f7cb6c8c70,Jeffrey Dickson,2024-03-23,at,173.21,Credit Card
ae94243a-169c-4ab1-82ce-8a85559cbfc2,Holly Macias,2024-09-25,agency,80.82,PayPal
e4895dc4-d563-4766-a0fc-9736f6a111e0,Joshua Anderson,2024-10-09,either,180.59,Credit Card
169fa970-ba83-46bc-8d6b-480babcaa2ef,Richard Todd,2024-10-06,month,255.34,PayPal
1403dcc8-7205-42d2-8bc4-6c8c14b14e5d,Sabrina Myers,2024-01-24,government,83.47,PayPal
0ec0611c-bc5e-4ebd-9ba6-b2f92a2a28fa,Kyle Green,2024-04-23,hit,94.77,PayPal
6671b282-65c5-4a67-9f4d-ea307a25ac41,Mary Pearson,2024-03-01,fund,423.01,Bank Transfer
9d584068-a1fb-4665-9515-624f90d13c29,Timothy Brown,2024-07-13,great,391.12,Credit Card
dbae6a69-3f0e-423f-b75f-3e28ab3ccf0d,Roberto Lucas,2024-06-05,rather,12.46,Bank Transfer
e7fc973c-515a-4325-b395-c0478ca3c2ec,Gary Morris,2024-05-04,fire,499.43,PayPal
106830e9-69f0-4178-b3c9-1aaed5b94f96,Jennifer Anderson,2024-07-21,environmental,410.99,PayPal
adf3b9a4-b9a0-4f12-92a9-712a4f89aeca,Grace Williamson,2024-08-03,cut,104.55,Bank Transfer
33e8cb2f-2e7e-49b1-a9b7-f2e7b9fa731e,Richard Sparks,2024-02-18,child,297.32,PayPal
3c936c34-c7e6-42c6-80a6-10f3cba5069d,Mr. Shawn Ortega DDS,2024-04-07,interesting,14.47,Bank Transfer
511c076b-4b32-4360-b60a-c3bda01900ba,Joseph Collins,2024-02-21,guy,326.02,Bank Transfer
d29e21a0-9664-4329-a5af-8f51f2406e33,Jeffrey Schultz,2024-09-23,capital,147.76,Bank Transfer
6041160e-224c-44a4-b2a8-df91559ad7f1,Caleb Vaughan,2024-08-02,maintain,418.18,Credit Card
7c6799c9-5f0a-4ddf-996e-905da7b76091,Alyssa Barker,2024-05-09,boy,379.59,Credit Card
148b93f6-384e-497d-99ef-32c48888ed56,Rebecca Peterson,2024-08-06,interesting,424.81,PayPal
27f38823-4980-4e6b-9846-a62d9ae55737,Elizabeth Barnett,2024-07-30,take,467.12,Bank Transfer
8ae69271-d06b-406f-a1fa-2f09dad636d8,Christian Ferguson,2024-02-11,community,409.89,Credit Card
2658b25e-0036-4777-acd1-e799c7aae6fd,Stephanie Huynh,2024-09-07,card,262.81,Credit Card
68468936-babd-41bb-bd2c-663f63c3e706,Christine Wilson,2024-07-27,first,82.99,PayPal
5c1da113-21d4-436c-a70f-64fe2cb86076,Joseph Carey,2024-09-05,fire,326.08,Credit Card
a1dc2798-4c90-4fb1-a2da-4185e04ed14c,Eric Collins,2024-07-08,discover,251.69,Credit Card
f2f02f66-dbd9-491c-bc92-1676e59c0ae6,Joel Curtis,2024-05-04,character,222.3,PayPal
ad8fb080-04a0-4e9e-9840-3509075d5311,Brian Santiago,2024-07-07,week,35.91,Credit Card
2ccf083e-bb23-48c8-a8fd-027eb5082014,Kaylee Kim,2024-02-27,statement,30.87,Credit Card
13962ec6-8f98-4954-918c-7ddfeeba54f1,Jose Nelson,2024-01-11,anything,177.82,Credit Card
fc6e6336-4cf5-483d-b804-486150f11513,Stephanie Collins,2024-03-19,stuff,455.98,Credit Card
3e62e5a5-433a-4e38-b4a7-bbd3d93e8b39,Kent Oconnor,2024-09-18,style,228.93,Bank Transfer
95724d83-3586-4c4a-babf-70a56cde8c27,Gregory Rich,2024-03-24,likely,271.3,PayPal
db3085cb-fe15-4826-863f-6e7ce2c32eb7,Darren Dunn,2024-05-19,serve,238.05,Credit Card
cf3e833d-1723-4072-8996-88764212f94f,Michael Travis,2024-01-05,run,263.0,PayPal
51701965-ddbd-4015-8582-d100706e4236,Julie Hodges,2024-05-12,room,442.83,Credit Card
ef5a76bd-ec51-44f2-9345-df10347a624c,David Holmes,2024-01-08,fast,151.93,Bank Transfer
10805c3b-5308-42ee-bb7b-e3ade7a6a0f9,Matthew Jimenez,2024-07-25,economic,326.25,PayPal
2fd86a85-94e7-4831-9810-97e24d072356,Brady Mullen,2024-10-09,modern,358.39,Credit Card
27b17927-0673-4fc8-9fba-e46c29a19f47,Leslie Nash,2024-04-06,lead,350.35,Credit Card
cb5d2343-5efc-44f0-8a67-9fe342bdbae5,Devon Smith,2024-05-04,factor,492.6,PayPal
bab168e4-b689-460a-9126-d45d6fae380f,Joseph Smith,2024-02-10,pick,488.02,Credit Card
5cbc0f99-e3f5-4ab1-b9e2-4079e95127de,Hailey Schroeder,2024-04-05,building,447.3,PayPal
89846ce8-96f8-4169-ab39-a8e8cad2117e,Kristen Hudson,2024-10-25,company,52.59,Bank Transfer
7ee86207-54a9-44d7-9bbd-df61c05bc844,Ashley Heath,2024-10-05,court,498.11,Bank Transfer
